Pintu Masuk,Bulan,Jumlah,Jenis Data,Tahun,Bulan_Num,Tanggal
A. Pintu Udara,Januari,548863.0,Sub-Total,2016,1,2016-01-01
Ngurah Rai,Januari,343663.0,Pintu Masuk,2016,1,2016-01-01
Soekarno-Hatta,Januari,153503.0,Pintu Masuk,2016,1,2016-01-01
Juanda,Januari,11674.0,Pintu Masuk,2016,1,2016-01-01
Kualanamu,Januari,10080.0,Pintu Masuk,2016,1,2016-01-01
Husein Sastranegara,Januari,10964.0,Pintu Masuk,2016,1,2016-01-01
Adi Sucipto,Januari,6415.0,Pintu Masuk,2016,1,2016-01-01
Bandara Int. Lombok,Januari,5162.0,Pintu Masuk,2016,1,2016-01-01
Sam Ratulangi,Januari,625.0,Pintu Masuk,2016,1,2016-01-01
Minangkabau,Januari,3378.0,Pintu Masuk,2016,1,2016-01-01
Sultan Syarif Kasim II,Januari,1523.0,Pintu Masuk,2016,1,2016-01-01
Sultan Iskandar Muda,Januari,,Pintu Masuk,2016,1,2016-01-01
Ahmad Yani,Januari,,Pintu Masuk,2016,1,2016-01-01
Supadio,Januari,,Pintu Masuk,2016,1,2016-01-01
Hasanuddin,Januari,755.0,Pintu Masuk,2016,1,2016-01-01
Sultan Badaruddin II,Januari,,Pintu Masuk,2016,1,2016-01-01
Pintu Udara Lainnya,Januari,1121.0,Pintu Masuk Lainnya,2016,1,2016-01-01
B. Pintu Laut,Januari,148144.0,Sub-Total,2016,1,2016-01-01
Batam,Januari,108888.0,Pintu Masuk,2016,1,2016-01-01
Tanjung Uban,Januari,21484.0,Pintu Masuk,2016,1,2016-01-01
Tanjung Pinang,Januari,5971.0,Pintu Masuk,2016,1,2016-01-01
Tanjung Balai Karimun,Januari,6735.0,Pintu Masuk,2016,1,2016-01-01
Tanjung Benoa,Januari,,Pintu Masuk,2016,1,2016-01-01
Tanjung Mas,Januari,,Pintu Masuk,2016,1,2016-01-01
Pintu Laut Lainnya,Januari,5066.0,Pintu Masuk Lainnya,2016,1,2016-01-01
C. Pintu Darat,Januari,36791.0,Sub-Total,2016,1,2016-01-01
Jayapura,Januari,,Pintu Masuk,2016,1,2016-01-01
Atambua,Januari,,Pintu Masuk,2016,1,2016-01-01
Entikong,Januari,1050.0,Pintu Masuk,2016,1,2016-01-01
Aruk,Januari,,Pintu Masuk,2016,1,2016-01-01
Nanga Badau,Januari,,Pintu Masuk,2016,1,2016-01-01
Pintu Darat Lainnya,Januari,35741.0,Pintu Masuk Lainnya,2016,1,2016-01-01
Jumlah (A+B+C),Januari,733798.0,Grand Total,2016,1,2016-01-01
Lainnya,Januari,80505.0,Pintu Masuk Lainnya,2016,1,2016-01-01
Total,Januari,814303.0,Grand Total,2016,1,2016-01-01
A. Pintu Udara,Februari,592968.0,Sub-Total,2016,2,2016-02-01
Ngurah Rai,Februari,367024.0,Pintu Masuk,2016,2,2016-02-01
Soekarno-Hatta,Februari,164317.0,Pintu Masuk,2016,2,2016-02-01
Juanda,Februari,14955.0,Pintu Masuk,2016,2,2016-02-01
Kualanamu,Februari,14851.0,Pintu Masuk,2016,2,2016-02-01
Husein Sastranegara,Februari,8402.0,Pintu Masuk,2016,2,2016-02-01
Adi Sucipto,Februari,7899.0,Pintu Masuk,2016,2,2016-02-01
Bandara Int. Lombok,Februari,6184.0,Pintu Masuk,2016,2,2016-02-01
Sam Ratulangi,Februari,1535.0,Pintu Masuk,2016,2,2016-02-01
Minangkabau,Februari,3892.0,Pintu Masuk,2016,2,2016-02-01
Sultan Syarif Kasim II,Februari,1912.0,Pintu Masuk,2016,2,2016-02-01
Sultan Iskandar Muda,Februari,,Pintu Masuk,2016,2,2016-02-01
Ahmad Yani,Februari,,Pintu Masuk,2016,2,2016-02-01
Supadio,Februari,,Pintu Masuk,2016,2,2016-02-01
Hasanuddin,Februari,876.0,Pintu Masuk,2016,2,2016-02-01
Sultan Badaruddin II,Februari,,Pintu Masuk,2016,2,2016-02-01
Pintu Udara Lainnya,Februari,1121.0,Pintu Masuk Lainnya,2016,2,2016-02-01
B. Pintu Laut,Februari,172209.0,Sub-Total,2016,2,2016-02-01
Batam,Februari,120351.0,Pintu Masuk,2016,2,2016-02-01
Tanjung Uban,Februari,27642.0,Pintu Masuk,2016,2,2016-02-01
Tanjung Pinang,Februari,8407.0,Pintu Masuk,2016,2,2016-02-01
Tanjung Balai Karimun,Februari,8985.0,Pintu Masuk,2016,2,2016-02-01
Tanjung Benoa,Februari,,Pintu Masuk,2016,2,2016-02-01
Tanjung Mas,Februari,,Pintu Masuk,2016,2,2016-02-01
Pintu Laut Lainnya,Februari,6824.0,Pintu Masuk Lainnya,2016,2,2016-02-01
C. Pintu Darat,Februari,38740.0,Sub-Total,2016,2,2016-02-01
Jayapura,Februari,,Pintu Masuk,2016,2,2016-02-01
Atambua,Februari,,Pintu Masuk,2016,2,2016-02-01
Entikong,Februari,2307.0,Pintu Masuk,2016,2,2016-02-01
Aruk,Februari,,Pintu Masuk,2016,2,2016-02-01
Nanga Badau,Februari,,Pintu Masuk,2016,2,2016-02-01
Pintu Darat Lainnya,Februari,36433.0,Pintu Masuk Lainnya,2016,2,2016-02-01
Jumlah (A+B+C),Februari,803917.0,Grand Total,2016,2,2016-02-01
Lainnya,Februari,83758.0,Pintu Masuk Lainnya,2016,2,2016-02-01
Total,Februari,887675.0,Grand Total,2016,2,2016-02-01
A. Pintu Udara,Maret,631176.0,Sub-Total,2016,3,2016-03-01
Ngurah Rai,Maret,354778.0,Pintu Masuk,2016,3,2016-03-01
Soekarno-Hatta,Maret,202669.0,Pintu Masuk,2016,3,2016-03-01
Juanda,Maret,17894.0,Pintu Masuk,2016,3,2016-03-01
Kualanamu,Maret,15730.0,Pintu Masuk,2016,3,2016-03-01
Husein Sastranegara,Maret,15828.0,Pintu Masuk,2016,3,2016-03-01
Adi Sucipto,Maret,6805.0,Pintu Masuk,2016,3,2016-03-01
Bandara Int. Lombok,Maret,7356.0,Pintu Masuk,2016,3,2016-03-01
Sam Ratulangi,Maret,1297.0,Pintu Masuk,2016,3,2016-03-01
Minangkabau,Maret,4428.0,Pintu Masuk,2016,3,2016-03-01
Sultan Syarif Kasim II,Maret,2090.0,Pintu Masuk,2016,3,2016-03-01
Sultan Iskandar Muda,Maret,,Pintu Masuk,2016,3,2016-03-01
Ahmad Yani,Maret,,Pintu Masuk,2016,3,2016-03-01
Supadio,Maret,,Pintu Masuk,2016,3,2016-03-01
Hasanuddin,Maret,1180.0,Pintu Masuk,2016,3,2016-03-01
Sultan Badaruddin II,Maret,,Pintu Masuk,2016,3,2016-03-01
Pintu Udara Lainnya,Maret,1121.0,Pintu Masuk Lainnya,2016,3,2016-03-01
B. Pintu Laut,Maret,172770.0,Sub-Total,2016,3,2016-03-01
Batam,Maret,125324.0,Pintu Masuk,2016,3,2016-03-01
Tanjung Uban,Maret,25577.0,Pintu Masuk,2016,3,2016-03-01
Tanjung Pinang,Maret,8656.0,Pintu Masuk,2016,3,2016-03-01
Tanjung Balai Karimun,Maret,7820.0,Pintu Masuk,2016,3,2016-03-01
Tanjung Benoa,Maret,,Pintu Masuk,2016,3,2016-03-01
Tanjung Mas,Maret,,Pintu Masuk,2016,3,2016-03-01
Pintu Laut Lainnya,Maret,5393.0,Pintu Masuk Lainnya,2016,3,2016-03-01
C. Pintu Darat,Maret,30704.0,Sub-Total,2016,3,2016-03-01
Jayapura,Maret,,Pintu Masuk,2016,3,2016-03-01
Atambua,Maret,,Pintu Masuk,2016,3,2016-03-01
Entikong,Maret,1937.0,Pintu Masuk,2016,3,2016-03-01
Aruk,Maret,,Pintu Masuk,2016,3,2016-03-01
Nanga Badau,Maret,,Pintu Masuk,2016,3,2016-03-01
Pintu Darat Lainnya,Maret,28767.0,Pintu Masuk Lainnya,2016,3,2016-03-01
Jumlah (A+B+C),Maret,834650.0,Grand Total,2016,3,2016-03-01
Lainnya,Maret,80134.0,Pintu Masuk Lainnya,2016,3,2016-03-01
Total,Maret,914784.0,Grand Total,2016,3,2016-03-01
A. Pintu Udara,April,640094.0,Sub-Total,2016,4,2016-04-01
Ngurah Rai,April,367370.0,Pintu Masuk,2016,4,2016-04-01
Soekarno-Hatta,April,188369.0,Pintu Masuk,2016,4,2016-04-01
Juanda,April,18186.0,Pintu Masuk,2016,4,2016-04-01
Kualanamu,April,13280.0,Pintu Masuk,2016,4,2016-04-01
Husein Sastranegara,April,30806.0,Pintu Masuk,2016,4,2016-04-01
Adi Sucipto,April,7223.0,Pintu Masuk,2016,4,2016-04-01
Bandara Int. Lombok,April,5407.0,Pintu Masuk,2016,4,2016-04-01
Sam Ratulangi,April,1427.0,Pintu Masuk,2016,4,2016-04-01
Minangkabau,April,4063.0,Pintu Masuk,2016,4,2016-04-01
Sultan Syarif Kasim II,April,1786.0,Pintu Masuk,2016,4,2016-04-01
Sultan Iskandar Muda,April,,Pintu Masuk,2016,4,2016-04-01
Ahmad Yani,April,,Pintu Masuk,2016,4,2016-04-01
Supadio,April,,Pintu Masuk,2016,4,2016-04-01
Hasanuddin,April,1056.0,Pintu Masuk,2016,4,2016-04-01
Sultan Badaruddin II,April,,Pintu Masuk,2016,4,2016-04-01
Pintu Udara Lainnya,April,1121.0,Pintu Masuk Lainnya,2016,4,2016-04-01
B. Pintu Laut,April,169731.0,Sub-Total,2016,4,2016-04-01
Batam,April,125573.0,Pintu Masuk,2016,4,2016-04-01
Tanjung Uban,April,23018.0,Pintu Masuk,2016,4,2016-04-01
Tanjung Pinang,April,8042.0,Pintu Masuk,2016,4,2016-04-01
Tanjung Balai Karimun,April,8201.0,Pintu Masuk,2016,4,2016-04-01
Tanjung Benoa,April,,Pintu Masuk,2016,4,2016-04-01
Tanjung Mas,April,,Pintu Masuk,2016,4,2016-04-01
Pintu Laut Lainnya,April,4897.0,Pintu Masuk Lainnya,2016,4,2016-04-01
C. Pintu Darat,April,23577.0,Sub-Total,2016,4,2016-04-01
Jayapura,April,,Pintu Masuk,2016,4,2016-04-01
Atambua,April,,Pintu Masuk,2016,4,2016-04-01
Entikong,April,1426.0,Pintu Masuk,2016,4,2016-04-01
Aruk,April,,Pintu Masuk,2016,4,2016-04-01
Nanga Badau,April,,Pintu Masuk,2016,4,2016-04-01
Pintu Darat Lainnya,April,22151.0,Pintu Masuk Lainnya,2016,4,2016-04-01
Jumlah (A+B+C),April,833402.0,Grand Total,2016,4,2016-04-01
Lainnya,April,67711.0,Pintu Masuk Lainnya,2016,4,2016-04-01
Total,April,901113.0,Grand Total,2016,4,2016-04-01
A. Pintu Udara,Mei,661824.0,Sub-Total,2016,5,2016-05-01
Ngurah Rai,Mei,394443.0,Pintu Masuk,2016,5,2016-05-01
Soekarno-Hatta,Mei,187545.0,Pintu Masuk,2016,5,2016-05-01
Juanda,Mei,18386.0,Pintu Masuk,2016,5,2016-05-01
Kualanamu,Mei,15515.0,Pintu Masuk,2016,5,2016-05-01
Husein Sastranegara,Mei,16699.0,Pintu Masuk,2016,5,2016-05-01
Adi Sucipto,Mei,10919.0,Pintu Masuk,2016,5,2016-05-01
Bandara Int. Lombok,Mei,7634.0,Pintu Masuk,2016,5,2016-05-01
Sam Ratulangi,Mei,1018.0,Pintu Masuk,2016,5,2016-05-01
Minangkabau,Mei,4854.0,Pintu Masuk,2016,5,2016-05-01
Sultan Syarif Kasim II,Mei,2494.0,Pintu Masuk,2016,5,2016-05-01
Sultan Iskandar Muda,Mei,,Pintu Masuk,2016,5,2016-05-01
Ahmad Yani,Mei,,Pintu Masuk,2016,5,2016-05-01
Supadio,Mei,,Pintu Masuk,2016,5,2016-05-01
Hasanuddin,Mei,1196.0,Pintu Masuk,2016,5,2016-05-01
Sultan Badaruddin II,Mei,,Pintu Masuk,2016,5,2016-05-01
Pintu Udara Lainnya,Mei,1121.0,Pintu Masuk Lainnya,2016,5,2016-05-01
B. Pintu Laut,Mei,177581.0,Sub-Total,2016,5,2016-05-01
Batam,Mei,132410.0,Pintu Masuk,2016,5,2016-05-01
Tanjung Uban,Mei,23338.0,Pintu Masuk,2016,5,2016-05-01
Tanjung Pinang,Mei,8162.0,Pintu Masuk,2016,5,2016-05-01
Tanjung Balai Karimun,Mei,8466.0,Pintu Masuk,2016,5,2016-05-01
Tanjung Benoa,Mei,,Pintu Masuk,2016,5,2016-05-01
Tanjung Mas,Mei,,Pintu Masuk,2016,5,2016-05-01
Pintu Laut Lainnya,Mei,5205.0,Pintu Masuk Lainnya,2016,5,2016-05-01
C. Pintu Darat,Mei,21022.0,Sub-Total,2016,5,2016-05-01
Jayapura,Mei,,Pintu Masuk,2016,5,2016-05-01
Atambua,Mei,,Pintu Masuk,2016,5,2016-05-01
Entikong,Mei,2046.0,Pintu Masuk,2016,5,2016-05-01
Aruk,Mei,,Pintu Masuk,2016,5,2016-05-01
Nanga Badau,Mei,,Pintu Masuk,2016,5,2016-05-01
Pintu Darat Lainnya,Mei,18976.0,Pintu Masuk Lainnya,2016,5,2016-05-01
Jumlah (A+B+C),Mei,860427.0,Grand Total,2016,5,2016-05-01
Lainnya,Mei,54507.0,Pintu Masuk Lainnya,2016,5,2016-05-01
Total,Mei,914934.0,Grand Total,2016,5,2016-05-01
A. Pintu Udara,Juni,611469.0,Sub-Total,2016,6,2016-06-01
Ngurah Rai,Juni,405686.0,Pintu Masuk,2016,6,2016-06-01
Soekarno-Hatta,Juni,150956.0,Pintu Masuk,2016,6,2016-06-01
Juanda,Juni,14755.0,Pintu Masuk,2016,6,2016-06-01
Kualanamu,Juni,12746.0,Pintu Masuk,2016,6,2016-06-01
Husein Sastranegara,Juni,8881.0,Pintu Masuk,2016,6,2016-06-01
Adi Sucipto,Juni,6853.0,Pintu Masuk,2016,6,2016-06-01
Bandara Int. Lombok,Juni,4452.0,Pintu Masuk,2016,6,2016-06-01
Sam Ratulangi,Juni,1295.0,Pintu Masuk,2016,6,2016-06-01
Minangkabau,Juni,2104.0,Pintu Masuk,2016,6,2016-06-01
Sultan Syarif Kasim II,Juni,1751.0,Pintu Masuk,2016,6,2016-06-01
Sultan Iskandar Muda,Juni,,Pintu Masuk,2016,6,2016-06-01
Ahmad Yani,Juni,,Pintu Masuk,2016,6,2016-06-01
Supadio,Juni,,Pintu Masuk,2016,6,2016-06-01
Hasanuddin,Juni,869.0,Pintu Masuk,2016,6,2016-06-01
Sultan Badaruddin II,Juni,,Pintu Masuk,2016,6,2016-06-01
Pintu Udara Lainnya,Juni,1121.0,Pintu Masuk Lainnya,2016,6,2016-06-01
B. Pintu Laut,Juni,170910.0,Sub-Total,2016,6,2016-06-01
Batam,Juni,121253.0,Pintu Masuk,2016,6,2016-06-01
Tanjung Uban,Juni,31465.0,Pintu Masuk,2016,6,2016-06-01
Tanjung Pinang,Juni,7930.0,Pintu Masuk,2016,6,2016-06-01
Tanjung Balai Karimun,Juni,5201.0,Pintu Masuk,2016,6,2016-06-01
Tanjung Benoa,Juni,,Pintu Masuk,2016,6,2016-06-01
Tanjung Mas,Juni,,Pintu Masuk,2016,6,2016-06-01
Pintu Laut Lainnya,Juni,5061.0,Pintu Masuk Lainnya,2016,6,2016-06-01
C. Pintu Darat,Juni,22609.0,Sub-Total,2016,6,2016-06-01
Jayapura,Juni,,Pintu Masuk,2016,6,2016-06-01
Atambua,Juni,,Pintu Masuk,2016,6,2016-06-01
Entikong,Juni,1515.0,Pintu Masuk,2016,6,2016-06-01
Aruk,Juni,,Pintu Masuk,2016,6,2016-06-01
Nanga Badau,Juni,,Pintu Masuk,2016,6,2016-06-01
Pintu Darat Lainnya,Juni,21094.0,Pintu Masuk Lainnya,2016,6,2016-06-01
Jumlah (A+B+C),Juni,804988.0,Grand Total,2016,6,2016-06-01
Lainnya,Juni,52402.0,Pintu Masuk Lainnya,2016,6,2016-06-01
Total,Juni,857390.0,Grand Total,2016,6,2016-06-01
A. Pintu Udara,Juli,785275.0,Sub-Total,2016,7,2016-07-01
Ngurah Rai,Juli,482201.0,Pintu Masuk,2016,7,2016-07-01
Soekarno-Hatta,Juli,217452.0,Pintu Masuk,2016,7,2016-07-01
Juanda,Juli,20424.0,Pintu Masuk,2016,7,2016-07-01
Kualanamu,Juli,17999.0,Pintu Masuk,2016,7,2016-07-01
Husein Sastranegara,Juli,9453.0,Pintu Masuk,2016,7,2016-07-01
Adi Sucipto,Juli,11177.0,Pintu Masuk,2016,7,2016-07-01
Bandara Int. Lombok,Juli,9653.0,Pintu Masuk,2016,7,2016-07-01
Sam Ratulangi,Juli,7677.0,Pintu Masuk,2016,7,2016-07-01
Minangkabau,Juli,4094.0,Pintu Masuk,2016,7,2016-07-01
Sultan Syarif Kasim II,Juli,2654.0,Pintu Masuk,2016,7,2016-07-01
Sultan Iskandar Muda,Juli,,Pintu Masuk,2016,7,2016-07-01
Ahmad Yani,Juli,,Pintu Masuk,2016,7,2016-07-01
Supadio,Juli,,Pintu Masuk,2016,7,2016-07-01
Hasanuddin,Juli,1370.0,Pintu Masuk,2016,7,2016-07-01
Sultan Badaruddin II,Juli,,Pintu Masuk,2016,7,2016-07-01
Pintu Udara Lainnya,Juli,1121.0,Pintu Masuk Lainnya,2016,7,2016-07-01
B. Pintu Laut,Juli,142820.0,Sub-Total,2016,7,2016-07-01
Batam,Juli,103647.0,Pintu Masuk,2016,7,2016-07-01
Tanjung Uban,Juli,20389.0,Pintu Masuk,2016,7,2016-07-01
Tanjung Pinang,Juli,6932.0,Pintu Masuk,2016,7,2016-07-01
Tanjung Balai Karimun,Juli,7599.0,Pintu Masuk,2016,7,2016-07-01
Tanjung Benoa,Juli,,Pintu Masuk,2016,7,2016-07-01
Tanjung Mas,Juli,,Pintu Masuk,2016,7,2016-07-01
Pintu Laut Lainnya,Juli,4253.0,Pintu Masuk Lainnya,2016,7,2016-07-01
C. Pintu Darat,Juli,28095.0,Sub-Total,2016,7,2016-07-01
Jayapura,Juli,,Pintu Masuk,2016,7,2016-07-01
Atambua,Juli,,Pintu Masuk,2016,7,2016-07-01
Entikong,Juli,2360.0,Pintu Masuk,2016,7,2016-07-01
Aruk,Juli,,Pintu Masuk,2016,7,2016-07-01
Nanga Badau,Juli,,Pintu Masuk,2016,7,2016-07-01
Pintu Darat Lainnya,Juli,25735.0,Pintu Masuk Lainnya,2016,7,2016-07-01
Jumlah (A+B+C),Juli,956190.0,Grand Total,2016,7,2016-07-01
Lainnya,Juli,75312.0,Pintu Masuk Lainnya,2016,7,2016-07-01
Total,Juli,1031502.0,Grand Total,2016,7,2016-07-01
A. Pintu Udara,Agustus,793587.0,Sub-Total,2016,8,2016-08-01
Ngurah Rai,Agustus,437929.0,Pintu Masuk,2016,8,2016-08-01
Soekarno-Hatta,Agustus,270496.0,Pintu Masuk,2016,8,2016-08-01
Juanda,Agustus,19029.0,Pintu Masuk,2016,8,2016-08-01
Kualanamu,Agustus,15890.0,Pintu Masuk,2016,8,2016-08-01
Husein Sastranegara,Agustus,12500.0,Pintu Masuk,2016,8,2016-08-01
Adi Sucipto,Agustus,11718.0,Pintu Masuk,2016,8,2016-08-01
Bandara Int. Lombok,Agustus,9127.0,Pintu Masuk,2016,8,2016-08-01
Sam Ratulangi,Agustus,7904.0,Pintu Masuk,2016,8,2016-08-01
Minangkabau,Agustus,4224.0,Pintu Masuk,2016,8,2016-08-01
Sultan Syarif Kasim II,Agustus,2362.0,Pintu Masuk,2016,8,2016-08-01
Sultan Iskandar Muda,Agustus,,Pintu Masuk,2016,8,2016-08-01
Ahmad Yani,Agustus,,Pintu Masuk,2016,8,2016-08-01
Supadio,Agustus,,Pintu Masuk,2016,8,2016-08-01
Hasanuddin,Agustus,1287.0,Pintu Masuk,2016,8,2016-08-01
Sultan Badaruddin II,Agustus,,Pintu Masuk,2016,8,2016-08-01
Pintu Udara Lainnya,Agustus,1121.0,Pintu Masuk Lainnya,2016,8,2016-08-01
B. Pintu Laut,Agustus,146917.0,Sub-Total,2016,8,2016-08-01
Batam,Agustus,99724.0,Pintu Masuk,2016,8,2016-08-01
Tanjung Uban,Agustus,29491.0,Pintu Masuk,2016,8,2016-08-01
Tanjung Pinang,Agustus,6166.0,Pintu Masuk,2016,8,2016-08-01
Tanjung Balai Karimun,Agustus,6674.0,Pintu Masuk,2016,8,2016-08-01
Tanjung Benoa,Agustus,,Pintu Masuk,2016,8,2016-08-01
Tanjung Mas,Agustus,,Pintu Masuk,2016,8,2016-08-01
Pintu Laut Lainnya,Agustus,4862.0,Pintu Masuk Lainnya,2016,8,2016-08-01
C. Pintu Darat,Agustus,26406.0,Sub-Total,2016,8,2016-08-01
Jayapura,Agustus,,Pintu Masuk,2016,8,2016-08-01
Atambua,Agustus,,Pintu Masuk,2016,8,2016-08-01
Entikong,Agustus,2319.0,Pintu Masuk,2016,8,2016-08-01
Aruk,Agustus,,Pintu Masuk,2016,8,2016-08-01
Nanga Badau,Agustus,,Pintu Masuk,2016,8,2016-08-01
Pintu Darat Lainnya,Agustus,24087.0,Pintu Masuk Lainnya,2016,8,2016-08-01
Jumlah (A+B+C),Agustus,966910.0,Grand Total,2016,8,2016-08-01
Lainnya,Agustus,63444.0,Pintu Masuk Lainnya,2016,8,2016-08-01
Total,Agustus,1030354.0,Grand Total,2016,8,2016-08-01
A. Pintu Udara,September,760591.0,Sub-Total,2016,9,2016-09-01
Ngurah Rai,September,442304.0,Pintu Masuk,2016,9,2016-09-01
Soekarno-Hatta,September,229964.0,Pintu Masuk,2016,9,2016-09-01
Juanda,September,19907.0,Pintu Masuk,2016,9,2016-09-01
Kualanamu,September,19221.0,Pintu Masuk,2016,9,2016-09-01
Husein Sastranegara,September,14995.0,Pintu Masuk,2016,9,2016-09-01
Adi Sucipto,September,10696.0,Pintu Masuk,2016,9,2016-09-01
Bandara Int. Lombok,September,8756.0,Pintu Masuk,2016,9,2016-09-01
Sam Ratulangi,September,5965.0,Pintu Masuk,2016,9,2016-09-01
Minangkabau,September,3329.0,Pintu Masuk,2016,9,2016-09-01
Sultan Syarif Kasim II,September,2822.0,Pintu Masuk,2016,9,2016-09-01
Sultan Iskandar Muda,September,,Pintu Masuk,2016,9,2016-09-01
Ahmad Yani,September,,Pintu Masuk,2016,9,2016-09-01
Supadio,September,,Pintu Masuk,2016,9,2016-09-01
Hasanuddin,September,1511.0,Pintu Masuk,2016,9,2016-09-01
Sultan Badaruddin II,September,,Pintu Masuk,2016,9,2016-09-01
Pintu Udara Lainnya,September,1121.0,Pintu Masuk Lainnya,2016,9,2016-09-01
B. Pintu Laut,September,160347.0,Sub-Total,2016,9,2016-09-01
Batam,September,115052.0,Pintu Masuk,2016,9,2016-09-01
Tanjung Uban,September,25051.0,Pintu Masuk,2016,9,2016-09-01
Tanjung Pinang,September,8474.0,Pintu Masuk,2016,9,2016-09-01
Tanjung Balai Karimun,September,7668.0,Pintu Masuk,2016,9,2016-09-01
Tanjung Benoa,September,,Pintu Masuk,2016,9,2016-09-01
Tanjung Mas,September,,Pintu Masuk,2016,9,2016-09-01
Pintu Laut Lainnya,September,4102.0,Pintu Masuk Lainnya,2016,9,2016-09-01
C. Pintu Darat,September,23900.0,Sub-Total,2016,9,2016-09-01
Jayapura,September,,Pintu Masuk,2016,9,2016-09-01
Atambua,September,,Pintu Masuk,2016,9,2016-09-01
Entikong,September,2148.0,Pintu Masuk,2016,9,2016-09-01
Aruk,September,,Pintu Masuk,2016,9,2016-09-01
Nanga Badau,September,,Pintu Masuk,2016,9,2016-09-01
Pintu Darat Lainnya,September,21752.0,Pintu Masuk Lainnya,2016,9,2016-09-01
Jumlah (A+B+C),September,944838.0,Grand Total,2016,9,2016-09-01
Lainnya,September,62293.0,Pintu Masuk Lainnya,2016,9,2016-09-01
Total,September,1007131.0,Grand Total,2016,9,2016-09-01
A. Pintu Udara,Oktober,757044.0,Sub-Total,2016,10,2016-10-01
Ngurah Rai,Oktober,423140.0,Pintu Masuk,2016,10,2016-10-01
Soekarno-Hatta,Oktober,237914.0,Pintu Masuk,2016,10,2016-10-01
Juanda,Oktober,20819.0,Pintu Masuk,2016,10,2016-10-01
Kualanamu,Oktober,21300.0,Pintu Masuk,2016,10,2016-10-01
Husein Sastranegara,Oktober,17340.0,Pintu Masuk,2016,10,2016-10-01
Adi Sucipto,Oktober,11267.0,Pintu Masuk,2016,10,2016-10-01
Bandara Int. Lombok,Oktober,9500.0,Pintu Masuk,2016,10,2016-10-01
Sam Ratulangi,Oktober,3791.0,Pintu Masuk,2016,10,2016-10-01
Minangkabau,Oktober,4980.0,Pintu Masuk,2016,10,2016-10-01
Sultan Syarif Kasim II,Oktober,3279.0,Pintu Masuk,2016,10,2016-10-01
Sultan Iskandar Muda,Oktober,,Pintu Masuk,2016,10,2016-10-01
Ahmad Yani,Oktober,,Pintu Masuk,2016,10,2016-10-01
Supadio,Oktober,,Pintu Masuk,2016,10,2016-10-01
Hasanuddin,Oktober,2593.0,Pintu Masuk,2016,10,2016-10-01
Sultan Badaruddin II,Oktober,,Pintu Masuk,2016,10,2016-10-01
Pintu Udara Lainnya,Oktober,1121.0,Pintu Masuk Lainnya,2016,10,2016-10-01
B. Pintu Laut,Oktober,155045.0,Sub-Total,2016,10,2016-10-01
Batam,Oktober,114020.0,Pintu Masuk,2016,10,2016-10-01
Tanjung Uban,Oktober,23145.0,Pintu Masuk,2016,10,2016-10-01
Tanjung Pinang,Oktober,6800.0,Pintu Masuk,2016,10,2016-10-01
Tanjung Balai Karimun,Oktober,6724.0,Pintu Masuk,2016,10,2016-10-01
Tanjung Benoa,Oktober,,Pintu Masuk,2016,10,2016-10-01
Tanjung Mas,Oktober,,Pintu Masuk,2016,10,2016-10-01
Pintu Laut Lainnya,Oktober,4356.0,Pintu Masuk Lainnya,2016,10,2016-10-01
C. Pintu Darat,Oktober,35085.0,Sub-Total,2016,10,2016-10-01
Jayapura,Oktober,,Pintu Masuk,2016,10,2016-10-01
Atambua,Oktober,,Pintu Masuk,2016,10,2016-10-01
Entikong,Oktober,1494.0,Pintu Masuk,2016,10,2016-10-01
Aruk,Oktober,,Pintu Masuk,2016,10,2016-10-01
Nanga Badau,Oktober,,Pintu Masuk,2016,10,2016-10-01
Pintu Darat Lainnya,Oktober,33591.0,Pintu Masuk Lainnya,2016,10,2016-10-01
Jumlah (A+B+C),Oktober,947174.0,Grand Total,2016,10,2016-10-01
Lainnya,Oktober,93471.0,Pintu Masuk Lainnya,2016,10,2016-10-01
Total,Oktober,1040645.0,Grand Total,2016,10,2016-10-01
A. Pintu Udara,November,706431.0,Sub-Total,2016,11,2016-11-01
Ngurah Rai,November,396150.0,Pintu Masuk,2016,11,2016-11-01
Soekarno-Hatta,November,219246.0,Pintu Masuk,2016,11,2016-11-01
Juanda,November,23126.0,Pintu Masuk,2016,11,2016-11-01
Kualanamu,November,21083.0,Pintu Masuk,2016,11,2016-11-01
Husein Sastranegara,November,12755.0,Pintu Masuk,2016,11,2016-11-01
Adi Sucipto,November,10209.0,Pintu Masuk,2016,11,2016-11-01
Bandara Int. Lombok,November,7813.0,Pintu Masuk,2016,11,2016-11-01
Sam Ratulangi,November,4270.0,Pintu Masuk,2016,11,2016-11-01
Minangkabau,November,5115.0,Pintu Masuk,2016,11,2016-11-01
Sultan Syarif Kasim II,November,3280.0,Pintu Masuk,2016,11,2016-11-01
Sultan Iskandar Muda,November,,Pintu Masuk,2016,11,2016-11-01
Ahmad Yani,November,,Pintu Masuk,2016,11,2016-11-01
Supadio,November,,Pintu Masuk,2016,11,2016-11-01
Hasanuddin,November,2263.0,Pintu Masuk,2016,11,2016-11-01
Sultan Badaruddin II,November,,Pintu Masuk,2016,11,2016-11-01
Pintu Udara Lainnya,November,1121.0,Pintu Masuk Lainnya,2016,11,2016-11-01
B. Pintu Laut,November,147629.0,Sub-Total,2016,11,2016-11-01
Batam,November,106953.0,Pintu Masuk,2016,11,2016-11-01
Tanjung Uban,November,21984.0,Pintu Masuk,2016,11,2016-11-01
Tanjung Pinang,November,6854.0,Pintu Masuk,2016,11,2016-11-01
Tanjung Balai Karimun,November,6254.0,Pintu Masuk,2016,11,2016-11-01
Tanjung Benoa,November,,Pintu Masuk,2016,11,2016-11-01
Tanjung Mas,November,,Pintu Masuk,2016,11,2016-11-01
Pintu Laut Lainnya,November,5584.0,Pintu Masuk Lainnya,2016,11,2016-11-01
C. Pintu Darat,November,49268.0,Sub-Total,2016,11,2016-11-01
Jayapura,November,,Pintu Masuk,2016,11,2016-11-01
Atambua,November,,Pintu Masuk,2016,11,2016-11-01
Entikong,November,1610.0,Pintu Masuk,2016,11,2016-11-01
Aruk,November,,Pintu Masuk,2016,11,2016-11-01
Nanga Badau,November,,Pintu Masuk,2016,11,2016-11-01
Pintu Darat Lainnya,November,47658.0,Pintu Masuk Lainnya,2016,11,2016-11-01
Jumlah (A+B+C),November,903328.0,Grand Total,2016,11,2016-11-01
Lainnya,November,99130.0,Pintu Masuk Lainnya,2016,11,2016-11-01
Total,November,1002458.0,Grand Total,2016,11,2016-11-01
A. Pintu Udara,Desember,738303.0,Sub-Total,2016,12,2016-12-01
Ngurah Rai,Desember,437946.0,Pintu Masuk,2016,12,2016-12-01
Soekarno-Hatta,Desember,193629.0,Pintu Masuk,2016,12,2016-12-01
Juanda,Desember,21415.0,Pintu Masuk,2016,12,2016-12-01
Kualanamu,Desember,26252.0,Pintu Masuk,2016,12,2016-12-01
Husein Sastranegara,Desember,22410.0,Pintu Masuk,2016,12,2016-12-01
Adi Sucipto,Desember,10877.0,Pintu Masuk,2016,12,2016-12-01
Bandara Int. Lombok,Desember,9694.0,Pintu Masuk,2016,12,2016-12-01
Sam Ratulangi,Desember,3820.0,Pintu Masuk,2016,12,2016-12-01
Minangkabau,Desember,5225.0,Pintu Masuk,2016,12,2016-12-01
Sultan Syarif Kasim II,Desember,3973.0,Pintu Masuk,2016,12,2016-12-01
Sultan Iskandar Muda,Desember,,Pintu Masuk,2016,12,2016-12-01
Ahmad Yani,Desember,,Pintu Masuk,2016,12,2016-12-01
Supadio,Desember,,Pintu Masuk,2016,12,2016-12-01
Hasanuddin,Desember,1941.0,Pintu Masuk,2016,12,2016-12-01
Sultan Badaruddin II,Desember,,Pintu Masuk,2016,12,2016-12-01
Pintu Udara Lainnya,Desember,1121.0,Pintu Masuk Lainnya,2016,12,2016-12-01
B. Pintu Laut,Desember,216451.0,Sub-Total,2016,12,2016-12-01
Batam,Desember,159277.0,Pintu Masuk,2016,12,2016-12-01
Tanjung Uban,Desember,32820.0,Pintu Masuk,2016,12,2016-12-01
Tanjung Pinang,Desember,10855.0,Pintu Masuk,2016,12,2016-12-01
Tanjung Balai Karimun,Desember,8780.0,Pintu Masuk,2016,12,2016-12-01
Tanjung Benoa,Desember,,Pintu Masuk,2016,12,2016-12-01
Tanjung Mas,Desember,,Pintu Masuk,2016,12,2016-12-01
Pintu Laut Lainnya,Desember,4719.0,Pintu Masuk Lainnya,2016,12,2016-12-01
C. Pintu Darat,Desember,60278.0,Sub-Total,2016,12,2016-12-01
Jayapura,Desember,,Pintu Masuk,2016,12,2016-12-01
Atambua,Desember,,Pintu Masuk,2016,12,2016-12-01
Entikong,Desember,3433.0,Pintu Masuk,2016,12,2016-12-01
Aruk,Desember,,Pintu Masuk,2016,12,2016-12-01
Nanga Badau,Desember,,Pintu Masuk,2016,12,2016-12-01
Pintu Darat Lainnya,Desember,56845.0,Pintu Masuk Lainnya,2016,12,2016-12-01
Jumlah (A+B+C),Desember,1015032.0,Grand Total,2016,12,2016-12-01
Lainnya,Desember,98655.0,Pintu Masuk Lainnya,2016,12,2016-12-01
Total,Desember,1113687.0,Grand Total,2016,12,2016-12-01
A. Pintu Udara,Januari,746666.0,Sub-Total,2017,1,2017-01-01
Ngurah Rai,Januari,455930.0,Pintu Masuk,2017,1,2017-01-01
Soekarno-Hatta,Januari,203067.0,Pintu Masuk,2017,1,2017-01-01
Juanda,Januari,17279.0,Pintu Masuk,2017,1,2017-01-01
Kualanamu,Januari,18457.0,Pintu Masuk,2017,1,2017-01-01
Husein Sastranegara,Januari,8518.0,Pintu Masuk,2017,1,2017-01-01
Adi Sucipto,Januari,9192.0,Pintu Masuk,2017,1,2017-01-01
Bandara Int. Lombok,Januari,9394.0,Pintu Masuk,2017,1,2017-01-01
Sam Ratulangi,Januari,7697.0,Pintu Masuk,2017,1,2017-01-01
Minangkabau,Januari,4042.0,Pintu Masuk,2017,1,2017-01-01
Sultan Syarif Kasim II,Januari,3274.0,Pintu Masuk,2017,1,2017-01-01
Sultan Iskandar Muda,Januari,2852.0,Pintu Masuk,2017,1,2017-01-01
Ahmad Yani,Januari,1548.0,Pintu Masuk,2017,1,2017-01-01
Supadio,Januari,858.0,Pintu Masuk,2017,1,2017-01-01
Hasanuddin,Januari,1812.0,Pintu Masuk,2017,1,2017-01-01
Sultan Badaruddin II,Januari,1060.0,Pintu Masuk,2017,1,2017-01-01
Pintu Udara Lainnya,Januari,1686.0,Pintu Masuk Lainnya,2017,1,2017-01-01
B. Pintu Laut,Januari,230174.0,Sub-Total,2017,1,2017-01-01
Batam,Januari,135046.0,Pintu Masuk,2017,1,2017-01-01
Tanjung Uban,Januari,26778.0,Pintu Masuk,2017,1,2017-01-01
Tanjung Pinang,Januari,10814.0,Pintu Masuk,2017,1,2017-01-01
Tanjung Balai Karimun,Januari,8175.0,Pintu Masuk,2017,1,2017-01-01
Tanjung Benoa,Januari,8143.0,Pintu Masuk,2017,1,2017-01-01
Tanjung Mas,Januari,1790.0,Pintu Masuk,2017,1,2017-01-01
Pintu Laut Lainnya,Januari,39428.0,Pintu Masuk Lainnya,2017,1,2017-01-01
C. Pintu Darat,Januari,131128.0,Sub-Total,2017,1,2017-01-01
Jayapura,Januari,12417.0,Pintu Masuk,2017,1,2017-01-01
Atambua,Januari,4740.0,Pintu Masuk,2017,1,2017-01-01
Entikong,Januari,2091.0,Pintu Masuk,2017,1,2017-01-01
Aruk,Januari,414.0,Pintu Masuk,2017,1,2017-01-01
Nanga Badau,Januari,810.0,Pintu Masuk,2017,1,2017-01-01
Pintu Darat Lainnya,Januari,110656.0,Pintu Masuk Lainnya,2017,1,2017-01-01
Jumlah (A+B+C),Januari,1107968.0,Grand Total,2017,1,2017-01-01
Lainnya,Januari,,Pintu Masuk Lainnya,2017,1,2017-01-01
Total,Januari,1107968.0,Grand Total,2017,1,2017-01-01
A. Pintu Udara,Februari,720428.0,Sub-Total,2017,2,2017-02-01
Ngurah Rai,Februari,448157.0,Pintu Masuk,2017,2,2017-02-01
Soekarno-Hatta,Februari,191933.0,Pintu Masuk,2017,2,2017-02-01
Juanda,Februari,11998.0,Pintu Masuk,2017,2,2017-02-01
Kualanamu,Februari,15680.0,Pintu Masuk,2017,2,2017-02-01
Husein Sastranegara,Februari,13257.0,Pintu Masuk,2017,2,2017-02-01
Adi Sucipto,Februari,8963.0,Pintu Masuk,2017,2,2017-02-01
Bandara Int. Lombok,Februari,8775.0,Pintu Masuk,2017,2,2017-02-01
Sam Ratulangi,Februari,5149.0,Pintu Masuk,2017,2,2017-02-01
Minangkabau,Februari,4066.0,Pintu Masuk,2017,2,2017-02-01
Sultan Syarif Kasim II,Februari,2909.0,Pintu Masuk,2017,2,2017-02-01
Sultan Iskandar Muda,Februari,3254.0,Pintu Masuk,2017,2,2017-02-01
Ahmad Yani,Februari,1354.0,Pintu Masuk,2017,2,2017-02-01
Supadio,Februari,626.0,Pintu Masuk,2017,2,2017-02-01
Hasanuddin,Februari,1263.0,Pintu Masuk,2017,2,2017-02-01
Sultan Badaruddin II,Februari,1156.0,Pintu Masuk,2017,2,2017-02-01
Pintu Udara Lainnya,Februari,1888.0,Pintu Masuk Lainnya,2017,2,2017-02-01
B. Pintu Laut,Februari,186669.0,Sub-Total,2017,2,2017-02-01
Batam,Februari,100329.0,Pintu Masuk,2017,2,2017-02-01
Tanjung Uban,Februari,21888.0,Pintu Masuk,2017,2,2017-02-01
Tanjung Pinang,Februari,6249.0,Pintu Masuk,2017,2,2017-02-01
Tanjung Balai Karimun,Februari,6022.0,Pintu Masuk,2017,2,2017-02-01
Tanjung Benoa,Februari,5799.0,Pintu Masuk,2017,2,2017-02-01
Tanjung Mas,Februari,5166.0,Pintu Masuk,2017,2,2017-02-01
Pintu Laut Lainnya,Februari,41216.0,Pintu Masuk Lainnya,2017,2,2017-02-01
C. Pintu Darat,Februari,116291.0,Sub-Total,2017,2,2017-02-01
Jayapura,Februari,7176.0,Pintu Masuk,2017,2,2017-02-01
Atambua,Februari,4017.0,Pintu Masuk,2017,2,2017-02-01
Entikong,Februari,1354.0,Pintu Masuk,2017,2,2017-02-01
Aruk,Februari,511.0,Pintu Masuk,2017,2,2017-02-01
Nanga Badau,Februari,551.0,Pintu Masuk,2017,2,2017-02-01
Pintu Darat Lainnya,Februari,102682.0,Pintu Masuk Lainnya,2017,2,2017-02-01
Jumlah (A+B+C),Februari,1023388.0,Grand Total,2017,2,2017-02-01
Lainnya,Februari,,Pintu Masuk Lainnya,2017,2,2017-02-01
Total,Februari,1023388.0,Grand Total,2017,2,2017-02-01
A. Pintu Udara,Maret,749150.0,Sub-Total,2017,3,2017-03-01
Ngurah Rai,Maret,424134.0,Pintu Masuk,2017,3,2017-03-01
Soekarno-Hatta,Maret,222497.0,Pintu Masuk,2017,3,2017-03-01
Juanda,Maret,15844.0,Pintu Masuk,2017,3,2017-03-01
Kualanamu,Maret,20767.0,Pintu Masuk,2017,3,2017-03-01
Husein Sastranegara,Maret,17256.0,Pintu Masuk,2017,3,2017-03-01
Adi Sucipto,Maret,11807.0,Pintu Masuk,2017,3,2017-03-01
Bandara Int. Lombok,Maret,11305.0,Pintu Masuk,2017,3,2017-03-01
Sam Ratulangi,Maret,5168.0,Pintu Masuk,2017,3,2017-03-01
Minangkabau,Maret,4992.0,Pintu Masuk,2017,3,2017-03-01
Sultan Syarif Kasim II,Maret,3612.0,Pintu Masuk,2017,3,2017-03-01
Sultan Iskandar Muda,Maret,3375.0,Pintu Masuk,2017,3,2017-03-01
Ahmad Yani,Maret,1815.0,Pintu Masuk,2017,3,2017-03-01
Supadio,Maret,899.0,Pintu Masuk,2017,3,2017-03-01
Hasanuddin,Maret,1530.0,Pintu Masuk,2017,3,2017-03-01
Sultan Badaruddin II,Maret,1468.0,Pintu Masuk,2017,3,2017-03-01
Pintu Udara Lainnya,Maret,2681.0,Pintu Masuk Lainnya,2017,3,2017-03-01
B. Pintu Laut,Maret,220326.0,Sub-Total,2017,3,2017-03-01
Batam,Maret,132551.0,Pintu Masuk,2017,3,2017-03-01
Tanjung Uban,Maret,25445.0,Pintu Masuk,2017,3,2017-03-01
Tanjung Pinang,Maret,7849.0,Pintu Masuk,2017,3,2017-03-01
Tanjung Balai Karimun,Maret,7526.0,Pintu Masuk,2017,3,2017-03-01
Tanjung Benoa,Maret,2489.0,Pintu Masuk,2017,3,2017-03-01
Tanjung Mas,Maret,1397.0,Pintu Masuk,2017,3,2017-03-01
Pintu Laut Lainnya,Maret,43069.0,Pintu Masuk Lainnya,2017,3,2017-03-01
C. Pintu Darat,Maret,90301.0,Sub-Total,2017,3,2017-03-01
Jayapura,Maret,6523.0,Pintu Masuk,2017,3,2017-03-01
Atambua,Maret,3768.0,Pintu Masuk,2017,3,2017-03-01
Entikong,Maret,2209.0,Pintu Masuk,2017,3,2017-03-01
Aruk,Maret,433.0,Pintu Masuk,2017,3,2017-03-01
Nanga Badau,Maret,549.0,Pintu Masuk,2017,3,2017-03-01
Pintu Darat Lainnya,Maret,76819.0,Pintu Masuk Lainnya,2017,3,2017-03-01
Jumlah (A+B+C),Maret,1059777.0,Grand Total,2017,3,2017-03-01
Lainnya,Maret,,Pintu Masuk Lainnya,2017,3,2017-03-01
Total,Maret,1059777.0,Grand Total,2017,3,2017-03-01
A. Pintu Udara,April,812927.0,Sub-Total,2017,4,2017-04-01
Ngurah Rai,April,477408.0,Pintu Masuk,2017,4,2017-04-01
Soekarno-Hatta,April,228611.0,Pintu Masuk,2017,4,2017-04-01
Juanda,April,21461.0,Pintu Masuk,2017,4,2017-04-01
Kualanamu,April,19273.0,Pintu Masuk,2017,4,2017-04-01
Husein Sastranegara,April,16029.0,Pintu Masuk,2017,4,2017-04-01
Adi Sucipto,April,13224.0,Pintu Masuk,2017,4,2017-04-01
Bandara Int. Lombok,April,13204.0,Pintu Masuk,2017,4,2017-04-01
Sam Ratulangi,April,5927.0,Pintu Masuk,2017,4,2017-04-01
Minangkabau,April,4621.0,Pintu Masuk,2017,4,2017-04-01
Sultan Syarif Kasim II,April,3554.0,Pintu Masuk,2017,4,2017-04-01
Sultan Iskandar Muda,April,2947.0,Pintu Masuk,2017,4,2017-04-01
Ahmad Yani,April,1647.0,Pintu Masuk,2017,4,2017-04-01
Supadio,April,655.0,Pintu Masuk,2017,4,2017-04-01
Hasanuddin,April,1179.0,Pintu Masuk,2017,4,2017-04-01
Sultan Badaruddin II,April,1154.0,Pintu Masuk,2017,4,2017-04-01
Pintu Udara Lainnya,April,2033.0,Pintu Masuk Lainnya,2017,4,2017-04-01
B. Pintu Laut,April,233538.0,Sub-Total,2017,4,2017-04-01
Batam,April,139361.0,Pintu Masuk,2017,4,2017-04-01
Tanjung Uban,April,28410.0,Pintu Masuk,2017,4,2017-04-01
Tanjung Pinang,April,9193.0,Pintu Masuk,2017,4,2017-04-01
Tanjung Balai Karimun,April,7902.0,Pintu Masuk,2017,4,2017-04-01
Tanjung Benoa,April,3126.0,Pintu Masuk,2017,4,2017-04-01
Tanjung Mas,April,2587.0,Pintu Masuk,2017,4,2017-04-01
Pintu Laut Lainnya,April,42959.0,Pintu Masuk Lainnya,2017,4,2017-04-01
C. Pintu Darat,April,124921.0,Sub-Total,2017,4,2017-04-01
Jayapura,April,10078.0,Pintu Masuk,2017,4,2017-04-01
Atambua,April,5843.0,Pintu Masuk,2017,4,2017-04-01
Entikong,April,1720.0,Pintu Masuk,2017,4,2017-04-01
Aruk,April,539.0,Pintu Masuk,2017,4,2017-04-01
Nanga Badau,April,528.0,Pintu Masuk,2017,4,2017-04-01
Pintu Darat Lainnya,April,106213.0,Pintu Masuk Lainnya,2017,4,2017-04-01
Jumlah (A+B+C),April,1171386.0,Grand Total,2017,4,2017-04-01
Lainnya,April,,Pintu Masuk Lainnya,2017,4,2017-04-01
Total,April,1171386.0,Grand Total,2017,4,2017-04-01
A. Pintu Udara,Mei,809941.0,Sub-Total,2017,5,2017-05-01
Ngurah Rai,Mei,488698.0,Pintu Masuk,2017,5,2017-05-01
Soekarno-Hatta,Mei,220817.0,Pintu Masuk,2017,5,2017-05-01
Juanda,Mei,20447.0,Pintu Masuk,2017,5,2017-05-01
Kualanamu,Mei,19013.0,Pintu Masuk,2017,5,2017-05-01
Husein Sastranegara,Mei,15275.0,Pintu Masuk,2017,5,2017-05-01
Adi Sucipto,Mei,11608.0,Pintu Masuk,2017,5,2017-05-01
Bandara Int. Lombok,Mei,11792.0,Pintu Masuk,2017,5,2017-05-01
Sam Ratulangi,Mei,5632.0,Pintu Masuk,2017,5,2017-05-01
Minangkabau,Mei,4167.0,Pintu Masuk,2017,5,2017-05-01
Sultan Syarif Kasim II,Mei,3578.0,Pintu Masuk,2017,5,2017-05-01
Sultan Iskandar Muda,Mei,2430.0,Pintu Masuk,2017,5,2017-05-01
Ahmad Yani,Mei,1891.0,Pintu Masuk,2017,5,2017-05-01
Supadio,Mei,812.0,Pintu Masuk,2017,5,2017-05-01
Hasanuddin,Mei,1131.0,Pintu Masuk,2017,5,2017-05-01
Sultan Badaruddin II,Mei,1010.0,Pintu Masuk,2017,5,2017-05-01
Pintu Udara Lainnya,Mei,1640.0,Pintu Masuk Lainnya,2017,5,2017-05-01
B. Pintu Laut,Mei,209193.0,Sub-Total,2017,5,2017-05-01
Batam,Mei,117372.0,Pintu Masuk,2017,5,2017-05-01
Tanjung Uban,Mei,25496.0,Pintu Masuk,2017,5,2017-05-01
Tanjung Pinang,Mei,7277.0,Pintu Masuk,2017,5,2017-05-01
Tanjung Balai Karimun,Mei,6627.0,Pintu Masuk,2017,5,2017-05-01
Tanjung Benoa,Mei,3153.0,Pintu Masuk,2017,5,2017-05-01
Tanjung Mas,Mei,1378.0,Pintu Masuk,2017,5,2017-05-01
Pintu Laut Lainnya,Mei,47890.0,Pintu Masuk Lainnya,2017,5,2017-05-01
C. Pintu Darat,Mei,129454.0,Sub-Total,2017,5,2017-05-01
Jayapura,Mei,10042.0,Pintu Masuk,2017,5,2017-05-01
Atambua,Mei,2096.0,Pintu Masuk,2017,5,2017-05-01
Entikong,Mei,1935.0,Pintu Masuk,2017,5,2017-05-01
Aruk,Mei,438.0,Pintu Masuk,2017,5,2017-05-01
Nanga Badau,Mei,808.0,Pintu Masuk,2017,5,2017-05-01
Pintu Darat Lainnya,Mei,114135.0,Pintu Masuk Lainnya,2017,5,2017-05-01
Jumlah (A+B+C),Mei,1148588.0,Grand Total,2017,5,2017-05-01
Lainnya,Mei,,Pintu Masuk Lainnya,2017,5,2017-05-01
Total,Mei,1148588.0,Grand Total,2017,5,2017-05-01
A. Pintu Udara,Juni,763470.0,Sub-Total,2017,6,2017-06-01
Ngurah Rai,Juni,505976.0,Pintu Masuk,2017,6,2017-06-01
Soekarno-Hatta,Juni,174669.0,Pintu Masuk,2017,6,2017-06-01
Juanda,Juni,19658.0,Pintu Masuk,2017,6,2017-06-01
Kualanamu,Juni,18464.0,Pintu Masuk,2017,6,2017-06-01
Husein Sastranegara,Juni,8174.0,Pintu Masuk,2017,6,2017-06-01
Adi Sucipto,Juni,7559.0,Pintu Masuk,2017,6,2017-06-01
Bandara Int. Lombok,Juni,9201.0,Pintu Masuk,2017,6,2017-06-01
Sam Ratulangi,Juni,4708.0,Pintu Masuk,2017,6,2017-06-01
Minangkabau,Juni,3022.0,Pintu Masuk,2017,6,2017-06-01
Sultan Syarif Kasim II,Juni,3504.0,Pintu Masuk,2017,6,2017-06-01
Sultan Iskandar Muda,Juni,1528.0,Pintu Masuk,2017,6,2017-06-01
Ahmad Yani,Juni,1541.0,Pintu Masuk,2017,6,2017-06-01
Supadio,Juni,1642.0,Pintu Masuk,2017,6,2017-06-01
Hasanuddin,Juni,1240.0,Pintu Masuk,2017,6,2017-06-01
Sultan Badaruddin II,Juni,1136.0,Pintu Masuk,2017,6,2017-06-01
Pintu Udara Lainnya,Juni,1448.0,Pintu Masuk Lainnya,2017,6,2017-06-01
B. Pintu Laut,Juni,233765.0,Sub-Total,2017,6,2017-06-01
Batam,Juni,130541.0,Pintu Masuk,2017,6,2017-06-01
Tanjung Uban,Juni,34726.0,Pintu Masuk,2017,6,2017-06-01
Tanjung Pinang,Juni,8702.0,Pintu Masuk,2017,6,2017-06-01
Tanjung Balai Karimun,Juni,6433.0,Pintu Masuk,2017,6,2017-06-01
Tanjung Benoa,Juni,497.0,Pintu Masuk,2017,6,2017-06-01
Tanjung Mas,Juni,964.0,Pintu Masuk,2017,6,2017-06-01
Pintu Laut Lainnya,Juni,51902.0,Pintu Masuk Lainnya,2017,6,2017-06-01
C. Pintu Darat,Juni,146766.0,Sub-Total,2017,6,2017-06-01
Jayapura,Juni,10488.0,Pintu Masuk,2017,6,2017-06-01
Atambua,Juni,6238.0,Pintu Masuk,2017,6,2017-06-01
Entikong,Juni,2157.0,Pintu Masuk,2017,6,2017-06-01
Aruk,Juni,1460.0,Pintu Masuk,2017,6,2017-06-01
Nanga Badau,Juni,858.0,Pintu Masuk,2017,6,2017-06-01
Pintu Darat Lainnya,Juni,125565.0,Pintu Masuk Lainnya,2017,6,2017-06-01
Jumlah (A+B+C),Juni,1144001.0,Grand Total,2017,6,2017-06-01
Lainnya,Juni,,Pintu Masuk Lainnya,2017,6,2017-06-01
Total,Juni,1144001.0,Grand Total,2017,6,2017-06-01
A. Pintu Udara,Juli,1002611.0,Sub-Total,2017,7,2017-07-01
Ngurah Rai,Juli,594238.0,Pintu Masuk,2017,7,2017-07-01
Soekarno-Hatta,Juli,297360.0,Pintu Masuk,2017,7,2017-07-01
Juanda,Juli,25252.0,Pintu Masuk,2017,7,2017-07-01
Kualanamu,Juli,20437.0,Pintu Masuk,2017,7,2017-07-01
Husein Sastranegara,Juli,11967.0,Pintu Masuk,2017,7,2017-07-01
Adi Sucipto,Juli,14181.0,Pintu Masuk,2017,7,2017-07-01
Bandara Int. Lombok,Juli,12468.0,Pintu Masuk,2017,7,2017-07-01
Sam Ratulangi,Juli,7330.0,Pintu Masuk,2017,7,2017-07-01
Minangkabau,Juli,4157.0,Pintu Masuk,2017,7,2017-07-01
Sultan Syarif Kasim II,Juli,3543.0,Pintu Masuk,2017,7,2017-07-01
Sultan Iskandar Muda,Juli,2297.0,Pintu Masuk,2017,7,2017-07-01
Ahmad Yani,Juli,2294.0,Pintu Masuk,2017,7,2017-07-01
Supadio,Juli,1731.0,Pintu Masuk,2017,7,2017-07-01
Hasanuddin,Juli,2132.0,Pintu Masuk,2017,7,2017-07-01
Sultan Badaruddin II,Juli,1220.0,Pintu Masuk,2017,7,2017-07-01
Pintu Udara Lainnya,Juli,2004.0,Pintu Masuk Lainnya,2017,7,2017-07-01
B. Pintu Laut,Juli,226979.0,Sub-Total,2017,7,2017-07-01
Batam,Juli,122869.0,Pintu Masuk,2017,7,2017-07-01
Tanjung Uban,Juli,32234.0,Pintu Masuk,2017,7,2017-07-01
Tanjung Pinang,Juli,9793.0,Pintu Masuk,2017,7,2017-07-01
Tanjung Balai Karimun,Juli,6136.0,Pintu Masuk,2017,7,2017-07-01
Tanjung Benoa,Juli,164.0,Pintu Masuk,2017,7,2017-07-01
Tanjung Mas,Juli,1059.0,Pintu Masuk,2017,7,2017-07-01
Pintu Laut Lainnya,Juli,54724.0,Pintu Masuk Lainnya,2017,7,2017-07-01
C. Pintu Darat,Juli,141001.0,Sub-Total,2017,7,2017-07-01
Jayapura,Juli,9053.0,Pintu Masuk,2017,7,2017-07-01
Atambua,Juli,5476.0,Pintu Masuk,2017,7,2017-07-01
Entikong,Juli,1117.0,Pintu Masuk,2017,7,2017-07-01
Aruk,Juli,1087.0,Pintu Masuk,2017,7,2017-07-01
Nanga Badau,Juli,610.0,Pintu Masuk,2017,7,2017-07-01
Pintu Darat Lainnya,Juli,123658.0,Pintu Masuk Lainnya,2017,7,2017-07-01
Jumlah (A+B+C),Juli,1370591.0,Grand Total,2017,7,2017-07-01
Lainnya,Juli,,Pintu Masuk Lainnya,2017,7,2017-07-01
Total,Juli,1370591.0,Grand Total,2017,7,2017-07-01
A. Pintu Udara,Agustus,1014475.0,Sub-Total,2017,8,2017-08-01
Ngurah Rai,Agustus,601553.0,Pintu Masuk,2017,8,2017-08-01
Soekarno-Hatta,Agustus,289000.0,Pintu Masuk,2017,8,2017-08-01
Juanda,Agustus,25330.0,Pintu Masuk,2017,8,2017-08-01
Kualanamu,Agustus,25201.0,Pintu Masuk,2017,8,2017-08-01
Husein Sastranegara,Agustus,15063.0,Pintu Masuk,2017,8,2017-08-01
Adi Sucipto,Agustus,15786.0,Pintu Masuk,2017,8,2017-08-01
Bandara Int. Lombok,Agustus,12207.0,Pintu Masuk,2017,8,2017-08-01
Sam Ratulangi,Agustus,8906.0,Pintu Masuk,2017,8,2017-08-01
Minangkabau,Agustus,5215.0,Pintu Masuk,2017,8,2017-08-01
Sultan Syarif Kasim II,Agustus,3590.0,Pintu Masuk,2017,8,2017-08-01
Sultan Iskandar Muda,Agustus,2627.0,Pintu Masuk,2017,8,2017-08-01
Ahmad Yani,Agustus,2625.0,Pintu Masuk,2017,8,2017-08-01
Supadio,Agustus,2307.0,Pintu Masuk,2017,8,2017-08-01
Hasanuddin,Agustus,1743.0,Pintu Masuk,2017,8,2017-08-01
Sultan Badaruddin II,Agustus,1418.0,Pintu Masuk,2017,8,2017-08-01
Pintu Udara Lainnya,Agustus,1904.0,Pintu Masuk Lainnya,2017,8,2017-08-01
B. Pintu Laut,Agustus,235311.0,Sub-Total,2017,8,2017-08-01
Batam,Agustus,124044.0,Pintu Masuk,2017,8,2017-08-01
Tanjung Uban,Agustus,37199.0,Pintu Masuk,2017,8,2017-08-01
Tanjung Pinang,Agustus,11616.0,Pintu Masuk,2017,8,2017-08-01
Tanjung Balai Karimun,Agustus,6620.0,Pintu Masuk,2017,8,2017-08-01
Tanjung Benoa,Agustus,1988.0,Pintu Masuk,2017,8,2017-08-01
Tanjung Mas,Agustus,1163.0,Pintu Masuk,2017,8,2017-08-01
Pintu Laut Lainnya,Agustus,52681.0,Pintu Masuk Lainnya,2017,8,2017-08-01
C. Pintu Darat,Agustus,143457.0,Sub-Total,2017,8,2017-08-01
Jayapura,Agustus,9043.0,Pintu Masuk,2017,8,2017-08-01
Atambua,Agustus,6120.0,Pintu Masuk,2017,8,2017-08-01
Entikong,Agustus,1255.0,Pintu Masuk,2017,8,2017-08-01
Aruk,Agustus,814.0,Pintu Masuk,2017,8,2017-08-01
Nanga Badau,Agustus,933.0,Pintu Masuk,2017,8,2017-08-01
Pintu Darat Lainnya,Agustus,125292.0,Pintu Masuk Lainnya,2017,8,2017-08-01
Jumlah (A+B+C),Agustus,1393243.0,Grand Total,2017,8,2017-08-01
Lainnya,Agustus,,Pintu Masuk Lainnya,2017,8,2017-08-01
Total,Agustus,1393243.0,Grand Total,2017,8,2017-08-01
A. Pintu Udara,September,883842.0,Sub-Total,2017,9,2017-09-01
Ngurah Rai,September,551968.0,Pintu Masuk,2017,9,2017-09-01
Soekarno-Hatta,September,227687.0,Pintu Masuk,2017,9,2017-09-01
Juanda,September,21890.0,Pintu Masuk,2017,9,2017-09-01
Kualanamu,September,19150.0,Pintu Masuk,2017,9,2017-09-01
Husein Sastranegara,September,13971.0,Pintu Masuk,2017,9,2017-09-01
Adi Sucipto,September,13834.0,Pintu Masuk,2017,9,2017-09-01
Bandara Int. Lombok,September,10032.0,Pintu Masuk,2017,9,2017-09-01
Sam Ratulangi,September,6335.0,Pintu Masuk,2017,9,2017-09-01
Minangkabau,September,4397.0,Pintu Masuk,2017,9,2017-09-01
Sultan Syarif Kasim II,September,3066.0,Pintu Masuk,2017,9,2017-09-01
Sultan Iskandar Muda,September,2559.0,Pintu Masuk,2017,9,2017-09-01
Ahmad Yani,September,2088.0,Pintu Masuk,2017,9,2017-09-01
Supadio,September,2104.0,Pintu Masuk,2017,9,2017-09-01
Hasanuddin,September,1604.0,Pintu Masuk,2017,9,2017-09-01
Sultan Badaruddin II,September,1256.0,Pintu Masuk,2017,9,2017-09-01
Pintu Udara Lainnya,September,1901.0,Pintu Masuk Lainnya,2017,9,2017-09-01
B. Pintu Laut,September,229735.0,Sub-Total,2017,9,2017-09-01
Batam,September,122835.0,Pintu Masuk,2017,9,2017-09-01
Tanjung Uban,September,31422.0,Pintu Masuk,2017,9,2017-09-01
Tanjung Pinang,September,10811.0,Pintu Masuk,2017,9,2017-09-01
Tanjung Balai Karimun,September,7093.0,Pintu Masuk,2017,9,2017-09-01
Tanjung Benoa,September,187.0,Pintu Masuk,2017,9,2017-09-01
Tanjung Mas,September,3941.0,Pintu Masuk,2017,9,2017-09-01
Pintu Laut Lainnya,September,53446.0,Pintu Masuk Lainnya,2017,9,2017-09-01
C. Pintu Darat,September,136654.0,Sub-Total,2017,9,2017-09-01
Jayapura,September,9981.0,Pintu Masuk,2017,9,2017-09-01
Atambua,September,6455.0,Pintu Masuk,2017,9,2017-09-01
Entikong,September,2042.0,Pintu Masuk,2017,9,2017-09-01
Aruk,September,802.0,Pintu Masuk,2017,9,2017-09-01
Nanga Badau,September,673.0,Pintu Masuk,2017,9,2017-09-01
Pintu Darat Lainnya,September,116701.0,Pintu Masuk Lainnya,2017,9,2017-09-01
Jumlah (A+B+C),September,1250231.0,Grand Total,2017,9,2017-09-01
Lainnya,September,,Pintu Masuk Lainnya,2017,9,2017-09-01
Total,September,1250231.0,Grand Total,2017,9,2017-09-01
A. Pintu Udara,Oktober,802479.0,Sub-Total,2017,10,2017-10-01
Ngurah Rai,Oktober,464703.0,Pintu Masuk,2017,10,2017-10-01
Soekarno-Hatta,Oktober,232014.0,Pintu Masuk,2017,10,2017-10-01
Juanda,Oktober,20439.0,Pintu Masuk,2017,10,2017-10-01
Kualanamu,Oktober,20738.0,Pintu Masuk,2017,10,2017-10-01
Husein Sastranegara,Oktober,14002.0,Pintu Masuk,2017,10,2017-10-01
Adi Sucipto,Oktober,13535.0,Pintu Masuk,2017,10,2017-10-01
Bandara Int. Lombok,Oktober,10070.0,Pintu Masuk,2017,10,2017-10-01
Sam Ratulangi,Oktober,7714.0,Pintu Masuk,2017,10,2017-10-01
Minangkabau,Oktober,4885.0,Pintu Masuk,2017,10,2017-10-01
Sultan Syarif Kasim II,Oktober,3026.0,Pintu Masuk,2017,10,2017-10-01
Sultan Iskandar Muda,Oktober,2763.0,Pintu Masuk,2017,10,2017-10-01
Ahmad Yani,Oktober,2079.0,Pintu Masuk,2017,10,2017-10-01
Supadio,Oktober,1979.0,Pintu Masuk,2017,10,2017-10-01
Hasanuddin,Oktober,1448.0,Pintu Masuk,2017,10,2017-10-01
Sultan Badaruddin II,Oktober,977.0,Pintu Masuk,2017,10,2017-10-01
Pintu Udara Lainnya,Oktober,2107.0,Pintu Masuk Lainnya,2017,10,2017-10-01
B. Pintu Laut,Oktober,222271.0,Sub-Total,2017,10,2017-10-01
Batam,Oktober,117589.0,Pintu Masuk,2017,10,2017-10-01
Tanjung Uban,Oktober,32389.0,Pintu Masuk,2017,10,2017-10-01
Tanjung Pinang,Oktober,10619.0,Pintu Masuk,2017,10,2017-10-01
Tanjung Balai Karimun,Oktober,6368.0,Pintu Masuk,2017,10,2017-10-01
Tanjung Benoa,Oktober,2815.0,Pintu Masuk,2017,10,2017-10-01
Tanjung Mas,Oktober,1791.0,Pintu Masuk,2017,10,2017-10-01
Pintu Laut Lainnya,Oktober,50700.0,Pintu Masuk Lainnya,2017,10,2017-10-01
C. Pintu Darat,Oktober,136815.0,Sub-Total,2017,10,2017-10-01
Jayapura,Oktober,10359.0,Pintu Masuk,2017,10,2017-10-01
Atambua,Oktober,6167.0,Pintu Masuk,2017,10,2017-10-01
Entikong,Oktober,1095.0,Pintu Masuk,2017,10,2017-10-01
Aruk,Oktober,870.0,Pintu Masuk,2017,10,2017-10-01
Nanga Badau,Oktober,760.0,Pintu Masuk,2017,10,2017-10-01
Pintu Darat Lainnya,Oktober,117564.0,Pintu Masuk Lainnya,2017,10,2017-10-01
Jumlah (A+B+C),Oktober,1161565.0,Grand Total,2017,10,2017-10-01
Lainnya,Oktober,,Pintu Masuk Lainnya,2017,10,2017-10-01
Total,Oktober,1161565.0,Grand Total,2017,10,2017-10-01
A. Pintu Udara,November,701307.0,Sub-Total,2017,11,2017-11-01
Ngurah Rai,November,360043.0,Pintu Masuk,2017,11,2017-11-01
Soekarno-Hatta,November,231183.0,Pintu Masuk,2017,11,2017-11-01
Juanda,November,24360.0,Pintu Masuk,2017,11,2017-11-01
Kualanamu,November,23356.0,Pintu Masuk,2017,11,2017-11-01
Husein Sastranegara,November,15387.0,Pintu Masuk,2017,11,2017-11-01
Adi Sucipto,November,11781.0,Pintu Masuk,2017,11,2017-11-01
Bandara Int. Lombok,November,7704.0,Pintu Masuk,2017,11,2017-11-01
Sam Ratulangi,November,6493.0,Pintu Masuk,2017,11,2017-11-01
Minangkabau,November,4682.0,Pintu Masuk,2017,11,2017-11-01
Sultan Syarif Kasim II,November,3225.0,Pintu Masuk,2017,11,2017-11-01
Sultan Iskandar Muda,November,2905.0,Pintu Masuk,2017,11,2017-11-01
Ahmad Yani,November,2361.0,Pintu Masuk,2017,11,2017-11-01
Supadio,November,2263.0,Pintu Masuk,2017,11,2017-11-01
Hasanuddin,November,1538.0,Pintu Masuk,2017,11,2017-11-01
Sultan Badaruddin II,November,1266.0,Pintu Masuk,2017,11,2017-11-01
Pintu Udara Lainnya,November,2760.0,Pintu Masuk Lainnya,2017,11,2017-11-01
B. Pintu Laut,November,230070.0,Sub-Total,2017,11,2017-11-01
Batam,November,124833.0,Pintu Masuk,2017,11,2017-11-01
Tanjung Uban,November,30822.0,Pintu Masuk,2017,11,2017-11-01
Tanjung Pinang,November,10538.0,Pintu Masuk,2017,11,2017-11-01
Tanjung Balai Karimun,November,6969.0,Pintu Masuk,2017,11,2017-11-01
Tanjung Benoa,November,2847.0,Pintu Masuk,2017,11,2017-11-01
Tanjung Mas,November,4376.0,Pintu Masuk,2017,11,2017-11-01
Pintu Laut Lainnya,November,49685.0,Pintu Masuk Lainnya,2017,11,2017-11-01
C. Pintu Darat,November,130653.0,Sub-Total,2017,11,2017-11-01
Jayapura,November,13651.0,Pintu Masuk,2017,11,2017-11-01
Atambua,November,5976.0,Pintu Masuk,2017,11,2017-11-01
Entikong,November,1092.0,Pintu Masuk,2017,11,2017-11-01
Aruk,November,809.0,Pintu Masuk,2017,11,2017-11-01
Nanga Badau,November,704.0,Pintu Masuk,2017,11,2017-11-01
Pintu Darat Lainnya,November,108421.0,Pintu Masuk Lainnya,2017,11,2017-11-01
Jumlah (A+B+C),November,1062030.0,Grand Total,2017,11,2017-11-01
Lainnya,November,,Pintu Masuk Lainnya,2017,11,2017-11-01
Total,November,1062030.0,Grand Total,2017,11,2017-11-01
A. Pintu Udara,Desember,663359.0,Sub-Total,2017,12,2017-12-01
Ngurah Rai,Desember,309440.0,Pintu Masuk,2017,12,2017-12-01
Soekarno-Hatta,Desember,230483.0,Pintu Masuk,2017,12,2017-12-01
Juanda,Desember,23208.0,Pintu Masuk,2017,12,2017-12-01
Kualanamu,Desember,26015.0,Pintu Masuk,2017,12,2017-12-01
Husein Sastranegara,Desember,17958.0,Pintu Masuk,2017,12,2017-12-01
Adi Sucipto,Desember,14203.0,Pintu Masuk,2017,12,2017-12-01
Bandara Int. Lombok,Desember,7236.0,Pintu Masuk,2017,12,2017-12-01
Sam Ratulangi,Desember,8616.0,Pintu Masuk,2017,12,2017-12-01
Minangkabau,Desember,8630.0,Pintu Masuk,2017,12,2017-12-01
Sultan Syarif Kasim II,Desember,3224.0,Pintu Masuk,2017,12,2017-12-01
Sultan Iskandar Muda,Desember,3698.0,Pintu Masuk,2017,12,2017-12-01
Ahmad Yani,Desember,2354.0,Pintu Masuk,2017,12,2017-12-01
Supadio,Desember,2652.0,Pintu Masuk,2017,12,2017-12-01
Hasanuddin,Desember,1715.0,Pintu Masuk,2017,12,2017-12-01
Sultan Badaruddin II,Desember,1580.0,Pintu Masuk,2017,12,2017-12-01
Pintu Udara Lainnya,Desember,2347.0,Pintu Masuk Lainnya,2017,12,2017-12-01
B. Pintu Laut,Desember,324624.0,Sub-Total,2017,12,2017-12-01
Batam,Desember,197347.0,Pintu Masuk,2017,12,2017-12-01
Tanjung Uban,Desember,44783.0,Pintu Masuk,2017,12,2017-12-01
Tanjung Pinang,Desember,14421.0,Pintu Masuk,2017,12,2017-12-01
Tanjung Balai Karimun,Desember,9900.0,Pintu Masuk,2017,12,2017-12-01
Tanjung Benoa,Desember,790.0,Pintu Masuk,2017,12,2017-12-01
Tanjung Mas,Desember,1461.0,Pintu Masuk,2017,12,2017-12-01
Pintu Laut Lainnya,Desember,55922.0,Pintu Masuk Lainnya,2017,12,2017-12-01
C. Pintu Darat,Desember,159048.0,Sub-Total,2017,12,2017-12-01
Jayapura,Desember,16246.0,Pintu Masuk,2017,12,2017-12-01
Atambua,Desember,7081.0,Pintu Masuk,2017,12,2017-12-01
Entikong,Desember,2818.0,Pintu Masuk,2017,12,2017-12-01
Aruk,Desember,1919.0,Pintu Masuk,2017,12,2017-12-01
Nanga Badau,Desember,1199.0,Pintu Masuk,2017,12,2017-12-01
Pintu Darat Lainnya,Desember,129785.0,Pintu Masuk Lainnya,2017,12,2017-12-01
Jumlah (A+B+C),Desember,1147031.0,Grand Total,2017,12,2017-12-01
Lainnya,Desember,,Pintu Masuk Lainnya,2017,12,2017-12-01
Total,Desember,1147031.0,Grand Total,2017,12,2017-12-01
A. Pintu Udara,Januari,643177.0,Sub-Total,2018,1,2018-01-01
Ngurah Rai,Januari,345191.0,Pintu Masuk,2018,1,2018-01-01
Soekarno-Hatta,Januari,210494.0,Pintu Masuk,2018,1,2018-01-01
Juanda,Januari,21532.0,Pintu Masuk,2018,1,2018-01-01
Kualanamu,Januari,15656.0,Pintu Masuk,2018,1,2018-01-01
Husein Sastranegara,Januari,11463.0,Pintu Masuk,2018,1,2018-01-01
Adi Sucipto,Januari,10849.0,Pintu Masuk,2018,1,2018-01-01
Bandara Int. Lombok,Januari,5986.0,Pintu Masuk,2018,1,2018-01-01
Sam Ratulangi,Januari,8507.0,Pintu Masuk,2018,1,2018-01-01
Minangkabau,Januari,3253.0,Pintu Masuk,2018,1,2018-01-01
Sultan Syarif Kasim II,Januari,2129.0,Pintu Masuk,2018,1,2018-01-01
Sultan Iskandar Muda,Januari,2802.0,Pintu Masuk,2018,1,2018-01-01
Ahmad Yani,Januari,1680.0,Pintu Masuk,2018,1,2018-01-01
Supadio,Januari,1284.0,Pintu Masuk,2018,1,2018-01-01
Hasanuddin,Januari,832.0,Pintu Masuk,2018,1,2018-01-01
Sultan Badaruddin II,Januari,727.0,Pintu Masuk,2018,1,2018-01-01
Pintu Udara Lainnya,Januari,792.0,Pintu Masuk Lainnya,2018,1,2018-01-01
B. Pintu Laut,Januari,220044.0,Sub-Total,2018,1,2018-01-01
Batam,Januari,115590.0,Pintu Masuk,2018,1,2018-01-01
Tanjung Uban,Januari,26993.0,Pintu Masuk,2018,1,2018-01-01
Tanjung Pinang,Januari,8753.0,Pintu Masuk,2018,1,2018-01-01
Tanjung Balai Karimun,Januari,5689.0,Pintu Masuk,2018,1,2018-01-01
Tanjung Benoa,Januari,4626.0,Pintu Masuk,2018,1,2018-01-01
Tanjung Mas,Januari,2020.0,Pintu Masuk,2018,1,2018-01-01
Pintu Laut Lainnya,Januari,56373.0,Pintu Masuk Lainnya,2018,1,2018-01-01
C. Pintu Darat,Januari,234618.0,Sub-Total,2018,1,2018-01-01
Jayapura,Januari,12616.0,Pintu Masuk,2018,1,2018-01-01
Atambua,Januari,4601.0,Pintu Masuk,2018,1,2018-01-01
Entikong,Januari,1534.0,Pintu Masuk,2018,1,2018-01-01
Aruk,Januari,377.0,Pintu Masuk,2018,1,2018-01-01
Nanga Badau,Januari,662.0,Pintu Masuk,2018,1,2018-01-01
Pintu Darat Lainnya,Januari,214828.0,Pintu Masuk Lainnya,2018,1,2018-01-01
Jumlah (A+B+C),Januari,1097839.0,Grand Total,2018,1,2018-01-01
Lainnya,Januari,,Pintu Masuk Lainnya,2018,1,2018-01-01
Total,Januari,1097839.0,Grand Total,2018,1,2018-01-01
A. Pintu Udara,Februari,740440.0,Sub-Total,2018,2,2018-02-01
Ngurah Rai,Februari,443805.0,Pintu Masuk,2018,2,2018-02-01
Soekarno-Hatta,Februari,201981.0,Pintu Masuk,2018,2,2018-02-01
Juanda,Februari,19621.0,Pintu Masuk,2018,2,2018-02-01
Kualanamu,Februari,17740.0,Pintu Masuk,2018,2,2018-02-01
Husein Sastranegara,Februari,12212.0,Pintu Masuk,2018,2,2018-02-01
Adi Sucipto,Februari,12602.0,Pintu Masuk,2018,2,2018-02-01
Bandara Int. Lombok,Februari,5800.0,Pintu Masuk,2018,2,2018-02-01
Sam Ratulangi,Februari,10794.0,Pintu Masuk,2018,2,2018-02-01
Minangkabau,Februari,4459.0,Pintu Masuk,2018,2,2018-02-01
Sultan Syarif Kasim II,Februari,1942.0,Pintu Masuk,2018,2,2018-02-01
Sultan Iskandar Muda,Februari,2915.0,Pintu Masuk,2018,2,2018-02-01
Ahmad Yani,Februari,1724.0,Pintu Masuk,2018,2,2018-02-01
Supadio,Februari,2356.0,Pintu Masuk,2018,2,2018-02-01
Hasanuddin,Februari,1004.0,Pintu Masuk,2018,2,2018-02-01
Sultan Badaruddin II,Februari,788.0,Pintu Masuk,2018,2,2018-02-01
Pintu Udara Lainnya,Februari,697.0,Pintu Masuk Lainnya,2018,2,2018-02-01
B. Pintu Laut,Februari,261044.0,Sub-Total,2018,2,2018-02-01
Batam,Februari,155671.0,Pintu Masuk,2018,2,2018-02-01
Tanjung Uban,Februari,31758.0,Pintu Masuk,2018,2,2018-02-01
Tanjung Pinang,Februari,10704.0,Pintu Masuk,2018,2,2018-02-01
Tanjung Balai Karimun,Februari,7832.0,Pintu Masuk,2018,2,2018-02-01
Tanjung Benoa,Februari,8616.0,Pintu Masuk,2018,2,2018-02-01
Tanjung Mas,Februari,3191.0,Pintu Masuk,2018,2,2018-02-01
Pintu Laut Lainnya,Februari,43272.0,Pintu Masuk Lainnya,2018,2,2018-02-01
C. Pintu Darat,Februari,196019.0,Sub-Total,2018,2,2018-02-01
Jayapura,Februari,11696.0,Pintu Masuk,2018,2,2018-02-01
Atambua,Februari,3799.0,Pintu Masuk,2018,2,2018-02-01
Entikong,Februari,2100.0,Pintu Masuk,2018,2,2018-02-01
Aruk,Februari,928.0,Pintu Masuk,2018,2,2018-02-01
Nanga Badau,Februari,694.0,Pintu Masuk,2018,2,2018-02-01
Pintu Darat Lainnya,Februari,176802.0,Pintu Masuk Lainnya,2018,2,2018-02-01
Jumlah (A+B+C),Februari,1197503.0,Grand Total,2018,2,2018-02-01
Lainnya,Februari,,Pintu Masuk Lainnya,2018,2,2018-02-01
Total,Februari,1197503.0,Grand Total,2018,2,2018-02-01
A. Pintu Udara,Maret,845635.0,Sub-Total,2018,3,2018-03-01
Ngurah Rai,Maret,484846.0,Pintu Masuk,2018,3,2018-03-01
Soekarno-Hatta,Maret,244467.0,Pintu Masuk,2018,3,2018-03-01
Juanda,Maret,26391.0,Pintu Masuk,2018,3,2018-03-01
Kualanamu,Maret,21693.0,Pintu Masuk,2018,3,2018-03-01
Husein Sastranegara,Maret,15657.0,Pintu Masuk,2018,3,2018-03-01
Adi Sucipto,Maret,14055.0,Pintu Masuk,2018,3,2018-03-01
Bandara Int. Lombok,Maret,9880.0,Pintu Masuk,2018,3,2018-03-01
Sam Ratulangi,Maret,10114.0,Pintu Masuk,2018,3,2018-03-01
Minangkabau,Maret,5057.0,Pintu Masuk,2018,3,2018-03-01
Sultan Syarif Kasim II,Maret,2510.0,Pintu Masuk,2018,3,2018-03-01
Sultan Iskandar Muda,Maret,3402.0,Pintu Masuk,2018,3,2018-03-01
Ahmad Yani,Maret,2020.0,Pintu Masuk,2018,3,2018-03-01
Supadio,Maret,2416.0,Pintu Masuk,2018,3,2018-03-01
Hasanuddin,Maret,1099.0,Pintu Masuk,2018,3,2018-03-01
Sultan Badaruddin II,Maret,1015.0,Pintu Masuk,2018,3,2018-03-01
Pintu Udara Lainnya,Maret,1013.0,Pintu Masuk Lainnya,2018,3,2018-03-01
B. Pintu Laut,Maret,304859.0,Sub-Total,2018,3,2018-03-01
Batam,Maret,175194.0,Pintu Masuk,2018,3,2018-03-01
Tanjung Uban,Maret,37364.0,Pintu Masuk,2018,3,2018-03-01
Tanjung Pinang,Maret,13261.0,Pintu Masuk,2018,3,2018-03-01
Tanjung Balai Karimun,Maret,8337.0,Pintu Masuk,2018,3,2018-03-01
Tanjung Benoa,Maret,4254.0,Pintu Masuk,2018,3,2018-03-01
Tanjung Mas,Maret,6988.0,Pintu Masuk,2018,3,2018-03-01
Pintu Laut Lainnya,Maret,59461.0,Pintu Masuk Lainnya,2018,3,2018-03-01
C. Pintu Darat,Maret,212932.0,Sub-Total,2018,3,2018-03-01
Jayapura,Maret,10331.0,Pintu Masuk,2018,3,2018-03-01
Atambua,Maret,5250.0,Pintu Masuk,2018,3,2018-03-01
Entikong,Maret,2376.0,Pintu Masuk,2018,3,2018-03-01
Aruk,Maret,766.0,Pintu Masuk,2018,3,2018-03-01
Nanga Badau,Maret,661.0,Pintu Masuk,2018,3,2018-03-01
Pintu Darat Lainnya,Maret,193548.0,Pintu Masuk Lainnya,2018,3,2018-03-01
Jumlah (A+B+C),Maret,1363426.0,Grand Total,2018,3,2018-03-01
Lainnya,Maret,,Pintu Masuk Lainnya,2018,3,2018-03-01
Total,Maret,1363426.0,Grand Total,2018,3,2018-03-01
A. Pintu Udara,April,848734.0,Sub-Total,2018,4,2018-04-01
Ngurah Rai,April,516143.0,Pintu Masuk,2018,4,2018-04-01
Soekarno-Hatta,April,224978.0,Pintu Masuk,2018,4,2018-04-01
Juanda,April,26306.0,Pintu Masuk,2018,4,2018-04-01
Kualanamu,April,18538.0,Pintu Masuk,2018,4,2018-04-01
Husein Sastranegara,April,14163.0,Pintu Masuk,2018,4,2018-04-01
Adi Sucipto,April,11435.0,Pintu Masuk,2018,4,2018-04-01
Bandara Int. Lombok,April,10644.0,Pintu Masuk,2018,4,2018-04-01
Sam Ratulangi,April,10201.0,Pintu Masuk,2018,4,2018-04-01
Minangkabau,April,4293.0,Pintu Masuk,2018,4,2018-04-01
Sultan Syarif Kasim II,April,2044.0,Pintu Masuk,2018,4,2018-04-01
Sultan Iskandar Muda,April,2941.0,Pintu Masuk,2018,4,2018-04-01
Ahmad Yani,April,2232.0,Pintu Masuk,2018,4,2018-04-01
Supadio,April,1902.0,Pintu Masuk,2018,4,2018-04-01
Hasanuddin,April,1077.0,Pintu Masuk,2018,4,2018-04-01
Sultan Badaruddin II,April,861.0,Pintu Masuk,2018,4,2018-04-01
Pintu Udara Lainnya,April,976.0,Pintu Masuk Lainnya,2018,4,2018-04-01
B. Pintu Laut,April,236833.0,Sub-Total,2018,4,2018-04-01
Batam,April,144104.0,Pintu Masuk,2018,4,2018-04-01
Tanjung Uban,April,32237.0,Pintu Masuk,2018,4,2018-04-01
Tanjung Pinang,April,10449.0,Pintu Masuk,2018,4,2018-04-01
Tanjung Balai Karimun,April,7328.0,Pintu Masuk,2018,4,2018-04-01
Tanjung Benoa,April,634.0,Pintu Masuk,2018,4,2018-04-01
Tanjung Mas,April,437.0,Pintu Masuk,2018,4,2018-04-01
Pintu Laut Lainnya,April,41644.0,Pintu Masuk Lainnya,2018,4,2018-04-01
C. Pintu Darat,April,216754.0,Sub-Total,2018,4,2018-04-01
Jayapura,April,10641.0,Pintu Masuk,2018,4,2018-04-01
Atambua,April,5571.0,Pintu Masuk,2018,4,2018-04-01
Entikong,April,1277.0,Pintu Masuk,2018,4,2018-04-01
Aruk,April,587.0,Pintu Masuk,2018,4,2018-04-01
Nanga Badau,April,661.0,Pintu Masuk,2018,4,2018-04-01
Pintu Darat Lainnya,April,198017.0,Pintu Masuk Lainnya,2018,4,2018-04-01
Jumlah (A+B+C),April,1302321.0,Grand Total,2018,4,2018-04-01
Lainnya,April,,Pintu Masuk Lainnya,2018,4,2018-04-01
Total,April,1302321.0,Grand Total,2018,4,2018-04-01
A. Pintu Udara,Mei,805452.0,Sub-Total,2018,5,2018-05-01
Ngurah Rai,Mei,526281.0,Pintu Masuk,2018,5,2018-05-01
Soekarno-Hatta,Mei,191631.0,Pintu Masuk,2018,5,2018-05-01
Juanda,Mei,24420.0,Pintu Masuk,2018,5,2018-05-01
Kualanamu,Mei,14624.0,Pintu Masuk,2018,5,2018-05-01
Husein Sastranegara,Mei,10453.0,Pintu Masuk,2018,5,2018-05-01
Adi Sucipto,Mei,9584.0,Pintu Masuk,2018,5,2018-05-01
Bandara Int. Lombok,Mei,7512.0,Pintu Masuk,2018,5,2018-05-01
Sam Ratulangi,Mei,9405.0,Pintu Masuk,2018,5,2018-05-01
Minangkabau,Mei,3002.0,Pintu Masuk,2018,5,2018-05-01
Sultan Syarif Kasim II,Mei,1666.0,Pintu Masuk,2018,5,2018-05-01
Sultan Iskandar Muda,Mei,1717.0,Pintu Masuk,2018,5,2018-05-01
Ahmad Yani,Mei,1612.0,Pintu Masuk,2018,5,2018-05-01
Supadio,Mei,1473.0,Pintu Masuk,2018,5,2018-05-01
Hasanuddin,Mei,661.0,Pintu Masuk,2018,5,2018-05-01
Sultan Badaruddin II,Mei,716.0,Pintu Masuk,2018,5,2018-05-01
Pintu Udara Lainnya,Mei,695.0,Pintu Masuk Lainnya,2018,5,2018-05-01
B. Pintu Laut,Mei,230118.0,Sub-Total,2018,5,2018-05-01
Batam,Mei,142157.0,Pintu Masuk,2018,5,2018-05-01
Tanjung Uban,Mei,33833.0,Pintu Masuk,2018,5,2018-05-01
Tanjung Pinang,Mei,11268.0,Pintu Masuk,2018,5,2018-05-01
Tanjung Balai Karimun,Mei,5295.0,Pintu Masuk,2018,5,2018-05-01
Tanjung Benoa,Mei,2231.0,Pintu Masuk,2018,5,2018-05-01
Tanjung Mas,Mei,137.0,Pintu Masuk,2018,5,2018-05-01
Pintu Laut Lainnya,Mei,35197.0,Pintu Masuk Lainnya,2018,5,2018-05-01
C. Pintu Darat,Mei,207135.0,Sub-Total,2018,5,2018-05-01
Jayapura,Mei,7542.0,Pintu Masuk,2018,5,2018-05-01
Atambua,Mei,6283.0,Pintu Masuk,2018,5,2018-05-01
Entikong,Mei,1827.0,Pintu Masuk,2018,5,2018-05-01
Aruk,Mei,1051.0,Pintu Masuk,2018,5,2018-05-01
Nanga Badau,Mei,1114.0,Pintu Masuk,2018,5,2018-05-01
Pintu Darat Lainnya,Mei,189318.0,Pintu Masuk Lainnya,2018,5,2018-05-01
Jumlah (A+B+C),Mei,1242705.0,Grand Total,2018,5,2018-05-01
Lainnya,Mei,,Pintu Masuk Lainnya,2018,5,2018-05-01
Total,Mei,1242705.0,Grand Total,2018,5,2018-05-01
A. Pintu Udara,Juni,817405.0,Sub-Total,2018,6,2018-06-01
Ngurah Rai,Juni,540462.0,Pintu Masuk,2018,6,2018-06-01
Soekarno-Hatta,Juni,182887.0,Pintu Masuk,2018,6,2018-06-01
Juanda,Juni,27329.0,Pintu Masuk,2018,6,2018-06-01
Kualanamu,Juni,18153.0,Pintu Masuk,2018,6,2018-06-01
Husein Sastranegara,Juni,6401.0,Pintu Masuk,2018,6,2018-06-01
Adi Sucipto,Juni,7547.0,Pintu Masuk,2018,6,2018-06-01
Bandara Int. Lombok,Juni,8859.0,Pintu Masuk,2018,6,2018-06-01
Sam Ratulangi,Juni,10107.0,Pintu Masuk,2018,6,2018-06-01
Minangkabau,Juni,4549.0,Pintu Masuk,2018,6,2018-06-01
Sultan Syarif Kasim II,Juni,2838.0,Pintu Masuk,2018,6,2018-06-01
Sultan Iskandar Muda,Juni,1468.0,Pintu Masuk,2018,6,2018-06-01
Ahmad Yani,Juni,1647.0,Pintu Masuk,2018,6,2018-06-01
Supadio,Juni,1652.0,Pintu Masuk,2018,6,2018-06-01
Hasanuddin,Juni,1216.0,Pintu Masuk,2018,6,2018-06-01
Sultan Badaruddin II,Juni,1311.0,Pintu Masuk,2018,6,2018-06-01
Pintu Udara Lainnya,Juni,979.0,Pintu Masuk Lainnya,2018,6,2018-06-01
B. Pintu Laut,Juni,289312.0,Sub-Total,2018,6,2018-06-01
Batam,Juni,167398.0,Pintu Masuk,2018,6,2018-06-01
Tanjung Uban,Juni,40296.0,Pintu Masuk,2018,6,2018-06-01
Tanjung Pinang,Juni,12815.0,Pintu Masuk,2018,6,2018-06-01
Tanjung Balai Karimun,Juni,7885.0,Pintu Masuk,2018,6,2018-06-01
Tanjung Benoa,Juni,4088.0,Pintu Masuk,2018,6,2018-06-01
Tanjung Mas,Juni,0.0,Pintu Masuk,2018,6,2018-06-01
Pintu Laut Lainnya,Juni,56830.0,Pintu Masuk Lainnya,2018,6,2018-06-01
C. Pintu Darat,Juni,215957.0,Sub-Total,2018,6,2018-06-01
Jayapura,Juni,5864.0,Pintu Masuk,2018,6,2018-06-01
Atambua,Juni,7047.0,Pintu Masuk,2018,6,2018-06-01
Entikong,Juni,2756.0,Pintu Masuk,2018,6,2018-06-01
Aruk,Juni,2200.0,Pintu Masuk,2018,6,2018-06-01
Nanga Badau,Juni,1331.0,Pintu Masuk,2018,6,2018-06-01
Pintu Darat Lainnya,Juni,196759.0,Pintu Masuk Lainnya,2018,6,2018-06-01
Jumlah (A+B+C),Juni,1322674.0,Grand Total,2018,6,2018-06-01
Lainnya,Juni,,Pintu Masuk Lainnya,2018,6,2018-06-01
Total,Juni,1322674.0,Grand Total,2018,6,2018-06-01
A. Pintu Udara,Juli,1073385.0,Sub-Total,2018,7,2018-07-01
Ngurah Rai,Juli,624263.0,Pintu Masuk,2018,7,2018-07-01
Soekarno-Hatta,Juli,322808.0,Pintu Masuk,2018,7,2018-07-01
Juanda,Juli,33390.0,Pintu Masuk,2018,7,2018-07-01
Kualanamu,Juli,22330.0,Pintu Masuk,2018,7,2018-07-01
Husein Sastranegara,Juli,12751.0,Pintu Masuk,2018,7,2018-07-01
Adi Sucipto,Juli,13642.0,Pintu Masuk,2018,7,2018-07-01
Bandara Int. Lombok,Juli,13980.0,Pintu Masuk,2018,7,2018-07-01
Sam Ratulangi,Juli,11875.0,Pintu Masuk,2018,7,2018-07-01
Minangkabau,Juli,5100.0,Pintu Masuk,2018,7,2018-07-01
Sultan Syarif Kasim II,Juli,2417.0,Pintu Masuk,2018,7,2018-07-01
Sultan Iskandar Muda,Juli,3297.0,Pintu Masuk,2018,7,2018-07-01
Ahmad Yani,Juli,2114.0,Pintu Masuk,2018,7,2018-07-01
Supadio,Juli,1639.0,Pintu Masuk,2018,7,2018-07-01
Hasanuddin,Juli,1566.0,Pintu Masuk,2018,7,2018-07-01
Sultan Badaruddin II,Juli,1185.0,Pintu Masuk,2018,7,2018-07-01
Pintu Udara Lainnya,Juli,1028.0,Pintu Masuk Lainnya,2018,7,2018-07-01
B. Pintu Laut,Juli,252458.0,Sub-Total,2018,7,2018-07-01
Batam,Juli,144235.0,Pintu Masuk,2018,7,2018-07-01
Tanjung Uban,Juli,52228.0,Pintu Masuk,2018,7,2018-07-01
Tanjung Pinang,Juli,10661.0,Pintu Masuk,2018,7,2018-07-01
Tanjung Balai Karimun,Juli,6397.0,Pintu Masuk,2018,7,2018-07-01
Tanjung Benoa,Juli,29.0,Pintu Masuk,2018,7,2018-07-01
Tanjung Mas,Juli,0.0,Pintu Masuk,2018,7,2018-07-01
Pintu Laut Lainnya,Juli,38908.0,Pintu Masuk Lainnya,2018,7,2018-07-01
C. Pintu Darat,Juli,221388.0,Sub-Total,2018,7,2018-07-01
Jayapura,Juli,6643.0,Pintu Masuk,2018,7,2018-07-01
Atambua,Juli,6508.0,Pintu Masuk,2018,7,2018-07-01
Entikong,Juli,1453.0,Pintu Masuk,2018,7,2018-07-01
Aruk,Juli,825.0,Pintu Masuk,2018,7,2018-07-01
Nanga Badau,Juli,849.0,Pintu Masuk,2018,7,2018-07-01
Pintu Darat Lainnya,Juli,205110.0,Pintu Masuk Lainnya,2018,7,2018-07-01
Jumlah (A+B+C),Juli,1547231.0,Grand Total,2018,7,2018-07-01
Lainnya,Juli,,Pintu Masuk Lainnya,2018,7,2018-07-01
Total,Juli,1547231.0,Grand Total,2018,7,2018-07-01
A. Pintu Udara,Agustus,1006054.0,Sub-Total,2018,8,2018-08-01
Ngurah Rai,Agustus,571380.0,Pintu Masuk,2018,8,2018-08-01
Soekarno-Hatta,Agustus,308698.0,Pintu Masuk,2018,8,2018-08-01
Juanda,Agustus,34166.0,Pintu Masuk,2018,8,2018-08-01
Kualanamu,Agustus,23753.0,Pintu Masuk,2018,8,2018-08-01
Husein Sastranegara,Agustus,13697.0,Pintu Masuk,2018,8,2018-08-01
Adi Sucipto,Agustus,13468.0,Pintu Masuk,2018,8,2018-08-01
Bandara Int. Lombok,Agustus,4308.0,Pintu Masuk,2018,8,2018-08-01
Sam Ratulangi,Agustus,15448.0,Pintu Masuk,2018,8,2018-08-01
Minangkabau,Agustus,5602.0,Pintu Masuk,2018,8,2018-08-01
Sultan Syarif Kasim II,Agustus,2977.0,Pintu Masuk,2018,8,2018-08-01
Sultan Iskandar Muda,Agustus,3087.0,Pintu Masuk,2018,8,2018-08-01
Ahmad Yani,Agustus,2650.0,Pintu Masuk,2018,8,2018-08-01
Supadio,Agustus,1992.0,Pintu Masuk,2018,8,2018-08-01
Hasanuddin,Agustus,1626.0,Pintu Masuk,2018,8,2018-08-01
Sultan Badaruddin II,Agustus,2263.0,Pintu Masuk,2018,8,2018-08-01
Pintu Udara Lainnya,Agustus,939.0,Pintu Masuk Lainnya,2018,8,2018-08-01
B. Pintu Laut,Agustus,280868.0,Sub-Total,2018,8,2018-08-01
Batam,Agustus,159218.0,Pintu Masuk,2018,8,2018-08-01
Tanjung Uban,Agustus,57643.0,Pintu Masuk,2018,8,2018-08-01
Tanjung Pinang,Agustus,12310.0,Pintu Masuk,2018,8,2018-08-01
Tanjung Balai Karimun,Agustus,6913.0,Pintu Masuk,2018,8,2018-08-01
Tanjung Benoa,Agustus,1315.0,Pintu Masuk,2018,8,2018-08-01
Tanjung Mas,Agustus,0.0,Pintu Masuk,2018,8,2018-08-01
Pintu Laut Lainnya,Agustus,43469.0,Pintu Masuk Lainnya,2018,8,2018-08-01
C. Pintu Darat,Agustus,224099.0,Sub-Total,2018,8,2018-08-01
Jayapura,Agustus,7706.0,Pintu Masuk,2018,8,2018-08-01
Atambua,Agustus,7912.0,Pintu Masuk,2018,8,2018-08-01
Entikong,Agustus,1821.0,Pintu Masuk,2018,8,2018-08-01
Aruk,Agustus,1516.0,Pintu Masuk,2018,8,2018-08-01
Nanga Badau,Agustus,1121.0,Pintu Masuk,2018,8,2018-08-01
Pintu Darat Lainnya,Agustus,204023.0,Pintu Masuk Lainnya,2018,8,2018-08-01
Jumlah (A+B+C),Agustus,1511021.0,Grand Total,2018,8,2018-08-01
Lainnya,Agustus,,Pintu Masuk Lainnya,2018,8,2018-08-01
Total,Agustus,1511021.0,Grand Total,2018,8,2018-08-01
A. Pintu Udara,September,911326.0,Sub-Total,2018,9,2018-09-01
Ngurah Rai,September,555888.0,Pintu Masuk,2018,9,2018-09-01
Soekarno-Hatta,September,250058.0,Pintu Masuk,2018,9,2018-09-01
Juanda,September,24835.0,Pintu Masuk,2018,9,2018-09-01
Kualanamu,September,19851.0,Pintu Masuk,2018,9,2018-09-01
Husein Sastranegara,September,13328.0,Pintu Masuk,2018,9,2018-09-01
Adi Sucipto,September,12553.0,Pintu Masuk,2018,9,2018-09-01
Bandara Int. Lombok,September,3866.0,Pintu Masuk,2018,9,2018-09-01
Sam Ratulangi,September,12730.0,Pintu Masuk,2018,9,2018-09-01
Minangkabau,September,5094.0,Pintu Masuk,2018,9,2018-09-01
Sultan Syarif Kasim II,September,2321.0,Pintu Masuk,2018,9,2018-09-01
Sultan Iskandar Muda,September,3074.0,Pintu Masuk,2018,9,2018-09-01
Ahmad Yani,September,2117.0,Pintu Masuk,2018,9,2018-09-01
Supadio,September,2254.0,Pintu Masuk,2018,9,2018-09-01
Hasanuddin,September,1281.0,Pintu Masuk,2018,9,2018-09-01
Sultan Badaruddin II,September,1160.0,Pintu Masuk,2018,9,2018-09-01
Pintu Udara Lainnya,September,916.0,Pintu Masuk Lainnya,2018,9,2018-09-01
B. Pintu Laut,September,264522.0,Sub-Total,2018,9,2018-09-01
Batam,September,153944.0,Pintu Masuk,2018,9,2018-09-01
Tanjung Uban,September,53214.0,Pintu Masuk,2018,9,2018-09-01
Tanjung Pinang,September,12530.0,Pintu Masuk,2018,9,2018-09-01
Tanjung Balai Karimun,September,7292.0,Pintu Masuk,2018,9,2018-09-01
Tanjung Benoa,September,15.0,Pintu Masuk,2018,9,2018-09-01
Tanjung Mas,September,0.0,Pintu Masuk,2018,9,2018-09-01
Pintu Laut Lainnya,September,37527.0,Pintu Masuk Lainnya,2018,9,2018-09-01
C. Pintu Darat,September,195095.0,Sub-Total,2018,9,2018-09-01
Jayapura,September,11220.0,Pintu Masuk,2018,9,2018-09-01
Atambua,September,8575.0,Pintu Masuk,2018,9,2018-09-01
Entikong,September,1608.0,Pintu Masuk,2018,9,2018-09-01
Aruk,September,1143.0,Pintu Masuk,2018,9,2018-09-01
Nanga Badau,September,1097.0,Pintu Masuk,2018,9,2018-09-01
Pintu Darat Lainnya,September,171452.0,Pintu Masuk Lainnya,2018,9,2018-09-01
Jumlah (A+B+C),September,1370943.0,Grand Total,2018,9,2018-09-01
Lainnya,September,,Pintu Masuk Lainnya,2018,9,2018-09-01
Total,September,1370943.0,Grand Total,2018,9,2018-09-01
A. Pintu Udara,Oktober,855240.0,Sub-Total,2018,10,2018-10-01
Ngurah Rai,Oktober,515181.0,Pintu Masuk,2018,10,2018-10-01
Soekarno-Hatta,Oktober,244775.0,Pintu Masuk,2018,10,2018-10-01
Juanda,Oktober,25938.0,Pintu Masuk,2018,10,2018-10-01
Kualanamu,Oktober,15744.0,Pintu Masuk,2018,10,2018-10-01
Husein Sastranegara,Oktober,13850.0,Pintu Masuk,2018,10,2018-10-01
Adi Sucipto,Oktober,11613.0,Pintu Masuk,2018,10,2018-10-01
Bandara Int. Lombok,Oktober,3515.0,Pintu Masuk,2018,10,2018-10-01
Sam Ratulangi,Oktober,8343.0,Pintu Masuk,2018,10,2018-10-01
Minangkabau,Oktober,4055.0,Pintu Masuk,2018,10,2018-10-01
Sultan Syarif Kasim II,Oktober,2654.0,Pintu Masuk,2018,10,2018-10-01
Sultan Iskandar Muda,Oktober,2058.0,Pintu Masuk,2018,10,2018-10-01
Ahmad Yani,Oktober,2022.0,Pintu Masuk,2018,10,2018-10-01
Supadio,Oktober,1697.0,Pintu Masuk,2018,10,2018-10-01
Hasanuddin,Oktober,1187.0,Pintu Masuk,2018,10,2018-10-01
Sultan Badaruddin II,Oktober,1167.0,Pintu Masuk,2018,10,2018-10-01
Pintu Udara Lainnya,Oktober,1441.0,Pintu Masuk Lainnya,2018,10,2018-10-01
B. Pintu Laut,Oktober,243901.0,Sub-Total,2018,10,2018-10-01
Batam,Oktober,141337.0,Pintu Masuk,2018,10,2018-10-01
Tanjung Uban,Oktober,47742.0,Pintu Masuk,2018,10,2018-10-01
Tanjung Pinang,Oktober,10759.0,Pintu Masuk,2018,10,2018-10-01
Tanjung Balai Karimun,Oktober,5981.0,Pintu Masuk,2018,10,2018-10-01
Tanjung Benoa,Oktober,2030.0,Pintu Masuk,2018,10,2018-10-01
Tanjung Mas,Oktober,133.0,Pintu Masuk,2018,10,2018-10-01
Pintu Laut Lainnya,Oktober,35919.0,Pintu Masuk Lainnya,2018,10,2018-10-01
C. Pintu Darat,Oktober,192464.0,Sub-Total,2018,10,2018-10-01
Jayapura,Oktober,14147.0,Pintu Masuk,2018,10,2018-10-01
Atambua,Oktober,8246.0,Pintu Masuk,2018,10,2018-10-01
Entikong,Oktober,1235.0,Pintu Masuk,2018,10,2018-10-01
Aruk,Oktober,745.0,Pintu Masuk,2018,10,2018-10-01
Nanga Badau,Oktober,1098.0,Pintu Masuk,2018,10,2018-10-01
Pintu Darat Lainnya,Oktober,166993.0,Pintu Masuk Lainnya,2018,10,2018-10-01
Jumlah (A+B+C),Oktober,1291605.0,Grand Total,2018,10,2018-10-01
Lainnya,Oktober,,Pintu Masuk Lainnya,2018,10,2018-10-01
Total,Oktober,1291605.0,Grand Total,2018,10,2018-10-01
A. Pintu Udara,November,716298.0,Sub-Total,2018,11,2018-11-01
Ngurah Rai,November,406679.0,Pintu Masuk,2018,11,2018-11-01
Soekarno-Hatta,November,206820.0,Pintu Masuk,2018,11,2018-11-01
Juanda,November,29992.0,Pintu Masuk,2018,11,2018-11-01
Kualanamu,November,21538.0,Pintu Masuk,2018,11,2018-11-01
Husein Sastranegara,November,14280.0,Pintu Masuk,2018,11,2018-11-01
Adi Sucipto,November,10661.0,Pintu Masuk,2018,11,2018-11-01
Bandara Int. Lombok,November,2306.0,Pintu Masuk,2018,11,2018-11-01
Sam Ratulangi,November,5735.0,Pintu Masuk,2018,11,2018-11-01
Minangkabau,November,5118.0,Pintu Masuk,2018,11,2018-11-01
Sultan Syarif Kasim II,November,3265.0,Pintu Masuk,2018,11,2018-11-01
Sultan Iskandar Muda,November,1137.0,Pintu Masuk,2018,11,2018-11-01
Ahmad Yani,November,1844.0,Pintu Masuk,2018,11,2018-11-01
Supadio,November,2352.0,Pintu Masuk,2018,11,2018-11-01
Hasanuddin,November,1171.0,Pintu Masuk,2018,11,2018-11-01
Sultan Badaruddin II,November,1238.0,Pintu Masuk,2018,11,2018-11-01
Pintu Udara Lainnya,November,2162.0,Pintu Masuk Lainnya,2018,11,2018-11-01
B. Pintu Laut,November,259832.0,Sub-Total,2018,11,2018-11-01
Batam,November,155283.0,Pintu Masuk,2018,11,2018-11-01
Tanjung Uban,November,47833.0,Pintu Masuk,2018,11,2018-11-01
Tanjung Pinang,November,11073.0,Pintu Masuk,2018,11,2018-11-01
Tanjung Balai Karimun,November,6749.0,Pintu Masuk,2018,11,2018-11-01
Tanjung Benoa,November,46.0,Pintu Masuk,2018,11,2018-11-01
Tanjung Mas,November,4686.0,Pintu Masuk,2018,11,2018-11-01
Pintu Laut Lainnya,November,34162.0,Pintu Masuk Lainnya,2018,11,2018-11-01
C. Pintu Darat,November,181353.0,Sub-Total,2018,11,2018-11-01
Jayapura,November,2467.0,Pintu Masuk,2018,11,2018-11-01
Atambua,November,8207.0,Pintu Masuk,2018,11,2018-11-01
Entikong,November,1585.0,Pintu Masuk,2018,11,2018-11-01
Aruk,November,1066.0,Pintu Masuk,2018,11,2018-11-01
Nanga Badau,November,1034.0,Pintu Masuk,2018,11,2018-11-01
Pintu Darat Lainnya,November,166994.0,Pintu Masuk Lainnya,2018,11,2018-11-01
Jumlah (A+B+C),November,1157483.0,Grand Total,2018,11,2018-11-01
Lainnya,November,,Pintu Masuk Lainnya,2018,11,2018-11-01
Total,November,1157483.0,Grand Total,2018,11,2018-11-01
A. Pintu Udara,Desember,825635.0,Sub-Total,2018,12,2018-12-01
Ngurah Rai,Desember,495641.0,Pintu Masuk,2018,12,2018-12-01
Soekarno-Hatta,Desember,224989.0,Pintu Masuk,2018,12,2018-12-01
Juanda,Desember,26609.0,Pintu Masuk,2018,12,2018-12-01
Kualanamu,Desember,19966.0,Pintu Masuk,2018,12,2018-12-01
Husein Sastranegara,Desember,17311.0,Pintu Masuk,2018,12,2018-12-01
Adi Sucipto,Desember,10813.0,Pintu Masuk,2018,12,2018-12-01
Bandara Int. Lombok,Desember,3151.0,Pintu Masuk,2018,12,2018-12-01
Sam Ratulangi,Desember,8845.0,Pintu Masuk,2018,12,2018-12-01
Minangkabau,Desember,4801.0,Pintu Masuk,2018,12,2018-12-01
Sultan Syarif Kasim II,Desember,3013.0,Pintu Masuk,2018,12,2018-12-01
Sultan Iskandar Muda,Desember,1315.0,Pintu Masuk,2018,12,2018-12-01
Ahmad Yani,Desember,1930.0,Pintu Masuk,2018,12,2018-12-01
Supadio,Desember,2033.0,Pintu Masuk,2018,12,2018-12-01
Hasanuddin,Desember,1406.0,Pintu Masuk,2018,12,2018-12-01
Sultan Badaruddin II,Desember,1431.0,Pintu Masuk,2018,12,2018-12-01
Pintu Udara Lainnya,Desember,2381.0,Pintu Masuk Lainnya,2018,12,2018-12-01
B. Pintu Laut,Desember,370629.0,Sub-Total,2018,12,2018-12-01
Batam,Desember,233153.0,Pintu Masuk,2018,12,2018-12-01
Tanjung Uban,Desember,61258.0,Pintu Masuk,2018,12,2018-12-01
Tanjung Pinang,Desember,16020.0,Pintu Masuk,2018,12,2018-12-01
Tanjung Balai Karimun,Desember,9020.0,Pintu Masuk,2018,12,2018-12-01
Tanjung Benoa,Desember,3178.0,Pintu Masuk,2018,12,2018-12-01
Tanjung Mas,Desember,2315.0,Pintu Masuk,2018,12,2018-12-01
Pintu Laut Lainnya,Desember,45685.0,Pintu Masuk Lainnya,2018,12,2018-12-01
C. Pintu Darat,Desember,209290.0,Sub-Total,2018,12,2018-12-01
Jayapura,Desember,3202.0,Pintu Masuk,2018,12,2018-12-01
Atambua,Desember,13915.0,Pintu Masuk,2018,12,2018-12-01
Entikong,Desember,3641.0,Pintu Masuk,2018,12,2018-12-01
Aruk,Desember,1125.0,Pintu Masuk,2018,12,2018-12-01
Nanga Badau,Desember,1826.0,Pintu Masuk,2018,12,2018-12-01
Pintu Darat Lainnya,Desember,185581.0,Pintu Masuk Lainnya,2018,12,2018-12-01
Jumlah (A+B+C),Desember,1405554.0,Grand Total,2018,12,2018-12-01
Lainnya,Desember,,Pintu Masuk Lainnya,2018,12,2018-12-01
Total,Desember,1405554.0,Grand Total,2018,12,2018-12-01
A. Pintu Udara,Januari,706704.0,Sub-Total,2019,1,2019-01-01
Ngurah Rai,Januari,451708.0,Pintu Masuk,2019,1,2019-01-01
Soekarno-Hatta,Januari,174963.0,Pintu Masuk,2019,1,2019-01-01
Juanda,Januari,13792.0,Pintu Masuk,2019,1,2019-01-01
Kualanamu,Januari,16253.0,Pintu Masuk,2019,1,2019-01-01
Husein Sastranegara,Januari,12524.0,Pintu Masuk,2019,1,2019-01-01
Adi Sucipto,Januari,8055.0,Pintu Masuk,2019,1,2019-01-01
Bandara Int. Lombok,Januari,2126.0,Pintu Masuk,2019,1,2019-01-01
Sam Ratulangi,Januari,10905.0,Pintu Masuk,2019,1,2019-01-01
Minangkabau,Januari,4528.0,Pintu Masuk,2019,1,2019-01-01
Sultan Syarif Kasim II,Januari,2450.0,Pintu Masuk,2019,1,2019-01-01
Sultan Iskandar Muda,Januari,1676.0,Pintu Masuk,2019,1,2019-01-01
Ahmad Yani,Januari,2165.0,Pintu Masuk,2019,1,2019-01-01
Supadio,Januari,1598.0,Pintu Masuk,2019,1,2019-01-01
Hasanuddin,Januari,951.0,Pintu Masuk,2019,1,2019-01-01
Sultan Badaruddin II,Januari,1038.0,Pintu Masuk,2019,1,2019-01-01
Pintu Udara Lainnya,Januari,1972.0,Pintu Masuk Lainnya,2019,1,2019-01-01
B. Pintu Laut,Januari,304479.0,Sub-Total,2019,1,2019-01-01
Batam,Januari,134415.0,Pintu Masuk,2019,1,2019-01-01
Tanjung Uban,Januari,40601.0,Pintu Masuk,2019,1,2019-01-01
Tanjung Pinang,Januari,9268.0,Pintu Masuk,2019,1,2019-01-01
Tanjung Balai Karimun,Januari,8572.0,Pintu Masuk,2019,1,2019-01-01
Tanjung Benoa,Januari,3862.0,Pintu Masuk,2019,1,2019-01-01
Tanjung Mas,Januari,1646.0,Pintu Masuk,2019,1,2019-01-01
Pintu Laut Lainnya,Januari,106115.0,Pintu Masuk Lainnya,2019,1,2019-01-01
C. Pintu Darat,Januari,190552.0,Sub-Total,2019,1,2019-01-01
Jayapura,Januari,4418.0,Pintu Masuk,2019,1,2019-01-01
Atambua,Januari,7835.0,Pintu Masuk,2019,1,2019-01-01
Entikong,Januari,1563.0,Pintu Masuk,2019,1,2019-01-01
Aruk,Januari,804.0,Pintu Masuk,2019,1,2019-01-01
Nanga Badau,Januari,1187.0,Pintu Masuk,2019,1,2019-01-01
Pintu Darat Lainnya,Januari,174745.0,Pintu Masuk Lainnya,2019,1,2019-01-01
Jumlah (A+B+C),Januari,1201735.0,Grand Total,2019,1,2019-01-01
Lainnya,Januari,,Pintu Masuk Lainnya,2019,1,2019-01-01
Total,Januari,1201735.0,Grand Total,2019,1,2019-01-01
A. Pintu Udara,Februari,731517.0,Sub-Total,2019,2,2019-02-01
Ngurah Rai,Februari,436266.0,Pintu Masuk,2019,2,2019-02-01
Soekarno-Hatta,Februari,196183.0,Pintu Masuk,2019,2,2019-02-01
Juanda,Februari,17389.0,Pintu Masuk,2019,2,2019-02-01
Kualanamu,Februari,21815.0,Pintu Masuk,2019,2,2019-02-01
Husein Sastranegara,Februari,15127.0,Pintu Masuk,2019,2,2019-02-01
Adi Sucipto,Februari,9604.0,Pintu Masuk,2019,2,2019-02-01
Bandara Int. Lombok,Februari,3590.0,Pintu Masuk,2019,2,2019-02-01
Sam Ratulangi,Februari,11305.0,Pintu Masuk,2019,2,2019-02-01
Minangkabau,Februari,5144.0,Pintu Masuk,2019,2,2019-02-01
Sultan Syarif Kasim II,Februari,2989.0,Pintu Masuk,2019,2,2019-02-01
Sultan Iskandar Muda,Februari,1739.0,Pintu Masuk,2019,2,2019-02-01
Ahmad Yani,Februari,2033.0,Pintu Masuk,2019,2,2019-02-01
Supadio,Februari,2639.0,Pintu Masuk,2019,2,2019-02-01
Hasanuddin,Februari,1379.0,Pintu Masuk,2019,2,2019-02-01
Sultan Badaruddin II,Februari,1573.0,Pintu Masuk,2019,2,2019-02-01
Pintu Udara Lainnya,Februari,2742.0,Pintu Masuk Lainnya,2019,2,2019-02-01
B. Pintu Laut,Februari,340751.0,Sub-Total,2019,2,2019-02-01
Batam,Februari,159248.0,Pintu Masuk,2019,2,2019-02-01
Tanjung Uban,Februari,49394.0,Pintu Masuk,2019,2,2019-02-01
Tanjung Pinang,Februari,13141.0,Pintu Masuk,2019,2,2019-02-01
Tanjung Balai Karimun,Februari,11411.0,Pintu Masuk,2019,2,2019-02-01
Tanjung Benoa,Februari,1190.0,Pintu Masuk,2019,2,2019-02-01
Tanjung Mas,Februari,2328.0,Pintu Masuk,2019,2,2019-02-01
Pintu Laut Lainnya,Februari,104039.0,Pintu Masuk Lainnya,2019,2,2019-02-01
C. Pintu Darat,Februari,171728.0,Sub-Total,2019,2,2019-02-01
Jayapura,Februari,3889.0,Pintu Masuk,2019,2,2019-02-01
Atambua,Februari,5973.0,Pintu Masuk,2019,2,2019-02-01
Entikong,Februari,2158.0,Pintu Masuk,2019,2,2019-02-01
Aruk,Februari,1989.0,Pintu Masuk,2019,2,2019-02-01
Nanga Badau,Februari,1128.0,Pintu Masuk,2019,2,2019-02-01
Pintu Darat Lainnya,Februari,156591.0,Pintu Masuk Lainnya,2019,2,2019-02-01
Jumlah (A+B+C),Februari,1243996.0,Grand Total,2019,2,2019-02-01
Lainnya,Februari,,Pintu Masuk Lainnya,2019,2,2019-02-01
Total,Februari,1243996.0,Grand Total,2019,2,2019-02-01
A. Pintu Udara,Maret,758821.0,Sub-Total,2019,3,2019-03-01
Ngurah Rai,Maret,441707.0,Pintu Masuk,2019,3,2019-03-01
Soekarno-Hatta,Maret,214161.0,Pintu Masuk,2019,3,2019-03-01
Juanda,Maret,20497.0,Pintu Masuk,2019,3,2019-03-01
Kualanamu,Maret,21129.0,Pintu Masuk,2019,3,2019-03-01
Husein Sastranegara,Maret,16342.0,Pintu Masuk,2019,3,2019-03-01
Adi Sucipto,Maret,10550.0,Pintu Masuk,2019,3,2019-03-01
Bandara Int. Lombok,Maret,3568.0,Pintu Masuk,2019,3,2019-03-01
Sam Ratulangi,Maret,10761.0,Pintu Masuk,2019,3,2019-03-01
Minangkabau,Maret,6196.0,Pintu Masuk,2019,3,2019-03-01
Sultan Syarif Kasim II,Maret,3071.0,Pintu Masuk,2019,3,2019-03-01
Sultan Iskandar Muda,Maret,2134.0,Pintu Masuk,2019,3,2019-03-01
Ahmad Yani,Maret,2296.0,Pintu Masuk,2019,3,2019-03-01
Supadio,Maret,2316.0,Pintu Masuk,2019,3,2019-03-01
Hasanuddin,Maret,1825.0,Pintu Masuk,2019,3,2019-03-01
Sultan Badaruddin II,Maret,1419.0,Pintu Masuk,2019,3,2019-03-01
Pintu Udara Lainnya,Maret,849.0,Pintu Masuk Lainnya,2019,3,2019-03-01
B. Pintu Laut,Maret,378698.0,Sub-Total,2019,3,2019-03-01
Batam,Maret,172461.0,Pintu Masuk,2019,3,2019-03-01
Tanjung Uban,Maret,61156.0,Pintu Masuk,2019,3,2019-03-01
Tanjung Pinang,Maret,15813.0,Pintu Masuk,2019,3,2019-03-01
Tanjung Balai Karimun,Maret,10859.0,Pintu Masuk,2019,3,2019-03-01
Tanjung Benoa,Maret,7862.0,Pintu Masuk,2019,3,2019-03-01
Tanjung Mas,Maret,4999.0,Pintu Masuk,2019,3,2019-03-01
Pintu Laut Lainnya,Maret,105548.0,Pintu Masuk Lainnya,2019,3,2019-03-01
C. Pintu Darat,Maret,174392.0,Sub-Total,2019,3,2019-03-01
Jayapura,Maret,3871.0,Pintu Masuk,2019,3,2019-03-01
Atambua,Maret,6741.0,Pintu Masuk,2019,3,2019-03-01
Entikong,Maret,2366.0,Pintu Masuk,2019,3,2019-03-01
Aruk,Maret,2171.0,Pintu Masuk,2019,3,2019-03-01
Nanga Badau,Maret,1185.0,Pintu Masuk,2019,3,2019-03-01
Pintu Darat Lainnya,Maret,158058.0,Pintu Masuk Lainnya,2019,3,2019-03-01
Jumlah (A+B+C),Maret,1311911.0,Grand Total,2019,3,2019-03-01
Lainnya,Maret,,Pintu Masuk Lainnya,2019,3,2019-03-01
Total,Maret,1311911.0,Grand Total,2019,3,2019-03-01
A. Pintu Udara,April,772038.0,Sub-Total,2019,4,2019-04-01
Ngurah Rai,April,476104.0,Pintu Masuk,2019,4,2019-04-01
Soekarno-Hatta,April,196977.0,Pintu Masuk,2019,4,2019-04-01
Juanda,April,18431.0,Pintu Masuk,2019,4,2019-04-01
Kualanamu,April,21613.0,Pintu Masuk,2019,4,2019-04-01
Husein Sastranegara,April,14738.0,Pintu Masuk,2019,4,2019-04-01
Adi Sucipto,April,9922.0,Pintu Masuk,2019,4,2019-04-01
Bandara Int. Lombok,April,5143.0,Pintu Masuk,2019,4,2019-04-01
Sam Ratulangi,April,11574.0,Pintu Masuk,2019,4,2019-04-01
Minangkabau,April,5434.0,Pintu Masuk,2019,4,2019-04-01
Sultan Syarif Kasim II,April,2745.0,Pintu Masuk,2019,4,2019-04-01
Sultan Iskandar Muda,April,2225.0,Pintu Masuk,2019,4,2019-04-01
Ahmad Yani,April,1635.0,Pintu Masuk,2019,4,2019-04-01
Supadio,April,1886.0,Pintu Masuk,2019,4,2019-04-01
Hasanuddin,April,1312.0,Pintu Masuk,2019,4,2019-04-01
Sultan Badaruddin II,April,1409.0,Pintu Masuk,2019,4,2019-04-01
Pintu Udara Lainnya,April,890.0,Pintu Masuk Lainnya,2019,4,2019-04-01
B. Pintu Laut,April,328884.0,Sub-Total,2019,4,2019-04-01
Batam,April,154810.0,Pintu Masuk,2019,4,2019-04-01
Tanjung Uban,April,48560.0,Pintu Masuk,2019,4,2019-04-01
Tanjung Pinang,April,15841.0,Pintu Masuk,2019,4,2019-04-01
Tanjung Balai Karimun,April,10039.0,Pintu Masuk,2019,4,2019-04-01
Tanjung Benoa,April,53.0,Pintu Masuk,2019,4,2019-04-01
Tanjung Mas,April,1015.0,Pintu Masuk,2019,4,2019-04-01
Pintu Laut Lainnya,April,98566.0,Pintu Masuk Lainnya,2019,4,2019-04-01
C. Pintu Darat,April,173309.0,Sub-Total,2019,4,2019-04-01
Jayapura,April,4702.0,Pintu Masuk,2019,4,2019-04-01
Atambua,April,9618.0,Pintu Masuk,2019,4,2019-04-01
Entikong,April,1333.0,Pintu Masuk,2019,4,2019-04-01
Aruk,April,836.0,Pintu Masuk,2019,4,2019-04-01
Nanga Badau,April,937.0,Pintu Masuk,2019,4,2019-04-01
Pintu Darat Lainnya,April,155883.0,Pintu Masuk Lainnya,2019,4,2019-04-01
Jumlah (A+B+C),April,1274231.0,Grand Total,2019,4,2019-04-01
Lainnya,April,,Pintu Masuk Lainnya,2019,4,2019-04-01
Total,April,1274231.0,Grand Total,2019,4,2019-04-01
A. Pintu Udara,Mei,711229.0,Sub-Total,2019,5,2019-05-01
Ngurah Rai,Mei,483928.0,Pintu Masuk,2019,5,2019-05-01
Soekarno-Hatta,Mei,156654.0,Pintu Masuk,2019,5,2019-05-01
Juanda,Mei,14529.0,Pintu Masuk,2019,5,2019-05-01
Kualanamu,Mei,15573.0,Pintu Masuk,2019,5,2019-05-01
Husein Sastranegara,Mei,8029.0,Pintu Masuk,2019,5,2019-05-01
Adi Sucipto,Mei,6664.0,Pintu Masuk,2019,5,2019-05-01
Bandara Int. Lombok,Mei,2884.0,Pintu Masuk,2019,5,2019-05-01
Sam Ratulangi,Mei,9755.0,Pintu Masuk,2019,5,2019-05-01
Minangkabau,Mei,3576.0,Pintu Masuk,2019,5,2019-05-01
Sultan Syarif Kasim II,Mei,2364.0,Pintu Masuk,2019,5,2019-05-01
Sultan Iskandar Muda,Mei,1360.0,Pintu Masuk,2019,5,2019-05-01
Ahmad Yani,Mei,996.0,Pintu Masuk,2019,5,2019-05-01
Supadio,Mei,1527.0,Pintu Masuk,2019,5,2019-05-01
Hasanuddin,Mei,1105.0,Pintu Masuk,2019,5,2019-05-01
Sultan Badaruddin II,Mei,1396.0,Pintu Masuk,2019,5,2019-05-01
Pintu Udara Lainnya,Mei,889.0,Pintu Masuk Lainnya,2019,5,2019-05-01
B. Pintu Laut,Mei,335111.0,Sub-Total,2019,5,2019-05-01
Batam,Mei,145447.0,Pintu Masuk,2019,5,2019-05-01
Tanjung Uban,Mei,58673.0,Pintu Masuk,2019,5,2019-05-01
Tanjung Pinang,Mei,14816.0,Pintu Masuk,2019,5,2019-05-01
Tanjung Balai Karimun,Mei,6235.0,Pintu Masuk,2019,5,2019-05-01
Tanjung Benoa,Mei,37.0,Pintu Masuk,2019,5,2019-05-01
Tanjung Mas,Mei,0.0,Pintu Masuk,2019,5,2019-05-01
Pintu Laut Lainnya,Mei,109903.0,Pintu Masuk Lainnya,2019,5,2019-05-01
C. Pintu Darat,Mei,203196.0,Sub-Total,2019,5,2019-05-01
Jayapura,Mei,4743.0,Pintu Masuk,2019,5,2019-05-01
Atambua,Mei,7457.0,Pintu Masuk,2019,5,2019-05-01
Entikong,Mei,1290.0,Pintu Masuk,2019,5,2019-05-01
Aruk,Mei,939.0,Pintu Masuk,2019,5,2019-05-01
Nanga Badau,Mei,1705.0,Pintu Masuk,2019,5,2019-05-01
Pintu Darat Lainnya,Mei,187062.0,Pintu Masuk Lainnya,2019,5,2019-05-01
Jumlah (A+B+C),Mei,1249536.0,Grand Total,2019,5,2019-05-01
Lainnya,Mei,,Pintu Masuk Lainnya,2019,5,2019-05-01
Total,Mei,1249536.0,Grand Total,2019,5,2019-05-01
A. Pintu Udara,Juni,829067.0,Sub-Total,2019,6,2019-06-01
Ngurah Rai,Juni,549483.0,Pintu Masuk,2019,6,2019-06-01
Soekarno-Hatta,Juni,190031.0,Pintu Masuk,2019,6,2019-06-01
Juanda,Juni,22485.0,Pintu Masuk,2019,6,2019-06-01
Kualanamu,Juni,18935.0,Pintu Masuk,2019,6,2019-06-01
Husein Sastranegara,Juni,8652.0,Pintu Masuk,2019,6,2019-06-01
Adi Sucipto,Juni,6583.0,Pintu Masuk,2019,6,2019-06-01
Bandara Int. Lombok,Juni,6127.0,Pintu Masuk,2019,6,2019-06-01
Sam Ratulangi,Juni,8339.0,Pintu Masuk,2019,6,2019-06-01
Minangkabau,Juni,5212.0,Pintu Masuk,2019,6,2019-06-01
Sultan Syarif Kasim II,Juni,2971.0,Pintu Masuk,2019,6,2019-06-01
Sultan Iskandar Muda,Juni,2051.0,Pintu Masuk,2019,6,2019-06-01
Ahmad Yani,Juni,1872.0,Pintu Masuk,2019,6,2019-06-01
Supadio,Juni,1567.0,Pintu Masuk,2019,6,2019-06-01
Hasanuddin,Juni,1385.0,Pintu Masuk,2019,6,2019-06-01
Sultan Badaruddin II,Juni,1725.0,Pintu Masuk,2019,6,2019-06-01
Pintu Udara Lainnya,Juni,1649.0,Pintu Masuk Lainnya,2019,6,2019-06-01
B. Pintu Laut,Juni,386152.0,Sub-Total,2019,6,2019-06-01
Batam,Juni,175001.0,Pintu Masuk,2019,6,2019-06-01
Tanjung Uban,Juni,61850.0,Pintu Masuk,2019,6,2019-06-01
Tanjung Pinang,Juni,18935.0,Pintu Masuk,2019,6,2019-06-01
Tanjung Balai Karimun,Juni,10118.0,Pintu Masuk,2019,6,2019-06-01
Tanjung Benoa,Juni,33.0,Pintu Masuk,2019,6,2019-06-01
Tanjung Mas,Juni,73.0,Pintu Masuk,2019,6,2019-06-01
Pintu Laut Lainnya,Juni,120142.0,Pintu Masuk Lainnya,2019,6,2019-06-01
C. Pintu Darat,Juni,218884.0,Sub-Total,2019,6,2019-06-01
Jayapura,Juni,4326.0,Pintu Masuk,2019,6,2019-06-01
Atambua,Juni,8718.0,Pintu Masuk,2019,6,2019-06-01
Entikong,Juni,2312.0,Pintu Masuk,2019,6,2019-06-01
Aruk,Juni,2081.0,Pintu Masuk,2019,6,2019-06-01
Nanga Badau,Juni,1495.0,Pintu Masuk,2019,6,2019-06-01
Pintu Darat Lainnya,Juni,199952.0,Pintu Masuk Lainnya,2019,6,2019-06-01
Jumlah (A+B+C),Juni,1434103.0,Grand Total,2019,6,2019-06-01
Lainnya,Juni,,Pintu Masuk Lainnya,2019,6,2019-06-01
Total,Juni,1434103.0,Grand Total,2019,6,2019-06-01
A. Pintu Udara,Juli,975870.0,Sub-Total,2019,7,2019-07-01
Ngurah Rai,Juli,604310.0,Pintu Masuk,2019,7,2019-07-01
Soekarno-Hatta,Juli,267143.0,Pintu Masuk,2019,7,2019-07-01
Juanda,Juli,24913.0,Pintu Masuk,2019,7,2019-07-01
Kualanamu,Juli,20929.0,Pintu Masuk,2019,7,2019-07-01
Husein Sastranegara,Juli,12581.0,Pintu Masuk,2019,7,2019-07-01
Adi Sucipto,Juli,10480.0,Pintu Masuk,2019,7,2019-07-01
Bandara Int. Lombok,Juli,5306.0,Pintu Masuk,2019,7,2019-07-01
Sam Ratulangi,Juli,11203.0,Pintu Masuk,2019,7,2019-07-01
Minangkabau,Juli,5183.0,Pintu Masuk,2019,7,2019-07-01
Sultan Syarif Kasim II,Juli,2555.0,Pintu Masuk,2019,7,2019-07-01
Sultan Iskandar Muda,Juli,2823.0,Pintu Masuk,2019,7,2019-07-01
Ahmad Yani,Juli,1851.0,Pintu Masuk,2019,7,2019-07-01
Supadio,Juli,1826.0,Pintu Masuk,2019,7,2019-07-01
Hasanuddin,Juli,1473.0,Pintu Masuk,2019,7,2019-07-01
Sultan Badaruddin II,Juli,1231.0,Pintu Masuk,2019,7,2019-07-01
Pintu Udara Lainnya,Juli,2063.0,Pintu Masuk Lainnya,2019,7,2019-07-01
B. Pintu Laut,Juli,311429.0,Sub-Total,2019,7,2019-07-01
Batam,Juli,147690.0,Pintu Masuk,2019,7,2019-07-01
Tanjung Uban,Juli,49247.0,Pintu Masuk,2019,7,2019-07-01
Tanjung Pinang,Juli,11951.0,Pintu Masuk,2019,7,2019-07-01
Tanjung Balai Karimun,Juli,8425.0,Pintu Masuk,2019,7,2019-07-01
Tanjung Benoa,Juli,13.0,Pintu Masuk,2019,7,2019-07-01
Tanjung Mas,Juli,97.0,Pintu Masuk,2019,7,2019-07-01
Pintu Laut Lainnya,Juli,94006.0,Pintu Masuk Lainnya,2019,7,2019-07-01
C. Pintu Darat,Juli,180874.0,Sub-Total,2019,7,2019-07-01
Jayapura,Juli,5557.0,Pintu Masuk,2019,7,2019-07-01
Atambua,Juli,8961.0,Pintu Masuk,2019,7,2019-07-01
Entikong,Juli,1720.0,Pintu Masuk,2019,7,2019-07-01
Aruk,Juli,1061.0,Pintu Masuk,2019,7,2019-07-01
Nanga Badau,Juli,1178.0,Pintu Masuk,2019,7,2019-07-01
Pintu Darat Lainnya,Juli,162397.0,Pintu Masuk Lainnya,2019,7,2019-07-01
Jumlah (A+B+C),Juli,1468173.0,Grand Total,2019,7,2019-07-01
Lainnya,Juli,,Pintu Masuk Lainnya,2019,7,2019-07-01
Total,Juli,1468173.0,Grand Total,2019,7,2019-07-01
A. Pintu Udara,Agustus,977033.0,Sub-Total,2019,8,2019-08-01
Ngurah Rai,Agustus,602457.0,Pintu Masuk,2019,8,2019-08-01
Soekarno-Hatta,Agustus,251596.0,Pintu Masuk,2019,8,2019-08-01
Juanda,Agustus,29180.0,Pintu Masuk,2019,8,2019-08-01
Kualanamu,Agustus,24623.0,Pintu Masuk,2019,8,2019-08-01
Husein Sastranegara,Agustus,13984.0,Pintu Masuk,2019,8,2019-08-01
Adi Sucipto,Agustus,12013.0,Pintu Masuk,2019,8,2019-08-01
Bandara Int. Lombok,Agustus,6622.0,Pintu Masuk,2019,8,2019-08-01
Sam Ratulangi,Agustus,14171.0,Pintu Masuk,2019,8,2019-08-01
Minangkabau,Agustus,5967.0,Pintu Masuk,2019,8,2019-08-01
Sultan Syarif Kasim II,Agustus,3229.0,Pintu Masuk,2019,8,2019-08-01
Sultan Iskandar Muda,Agustus,2935.0,Pintu Masuk,2019,8,2019-08-01
Ahmad Yani,Agustus,2035.0,Pintu Masuk,2019,8,2019-08-01
Supadio,Agustus,2127.0,Pintu Masuk,2019,8,2019-08-01
Hasanuddin,Agustus,1983.0,Pintu Masuk,2019,8,2019-08-01
Sultan Badaruddin II,Agustus,1605.0,Pintu Masuk,2019,8,2019-08-01
Pintu Udara Lainnya,Agustus,2506.0,Pintu Masuk Lainnya,2019,8,2019-08-01
B. Pintu Laut,Agustus,368408.0,Sub-Total,2019,8,2019-08-01
Batam,Agustus,183401.0,Pintu Masuk,2019,8,2019-08-01
Tanjung Uban,Agustus,55638.0,Pintu Masuk,2019,8,2019-08-01
Tanjung Pinang,Agustus,15621.0,Pintu Masuk,2019,8,2019-08-01
Tanjung Balai Karimun,Agustus,10273.0,Pintu Masuk,2019,8,2019-08-01
Tanjung Benoa,Agustus,1679.0,Pintu Masuk,2019,8,2019-08-01
Tanjung Mas,Agustus,0.0,Pintu Masuk,2019,8,2019-08-01
Pintu Laut Lainnya,Agustus,101796.0,Pintu Masuk Lainnya,2019,8,2019-08-01
C. Pintu Darat,Agustus,184827.0,Sub-Total,2019,8,2019-08-01
Jayapura,Agustus,5694.0,Pintu Masuk,2019,8,2019-08-01
Atambua,Agustus,9492.0,Pintu Masuk,2019,8,2019-08-01
Entikong,Agustus,2265.0,Pintu Masuk,2019,8,2019-08-01
Aruk,Agustus,2081.0,Pintu Masuk,2019,8,2019-08-01
Nanga Badau,Agustus,1226.0,Pintu Masuk,2019,8,2019-08-01
Pintu Darat Lainnya,Agustus,164069.0,Pintu Masuk Lainnya,2019,8,2019-08-01
Jumlah (A+B+C),Agustus,1530268.0,Grand Total,2019,8,2019-08-01
Lainnya,Agustus,,Pintu Masuk Lainnya,2019,8,2019-08-01
Total,Agustus,1530268.0,Grand Total,2019,8,2019-08-01
A. Pintu Udara,September,900409.0,Sub-Total,2019,9,2019-09-01
Ngurah Rai,September,589984.0,Pintu Masuk,2019,9,2019-09-01
Soekarno-Hatta,September,211775.0,Pintu Masuk,2019,9,2019-09-01
Juanda,September,20462.0,Pintu Masuk,2019,9,2019-09-01
Kualanamu,September,18913.0,Pintu Masuk,2019,9,2019-09-01
Husein Sastranegara,September,12869.0,Pintu Masuk,2019,9,2019-09-01
Adi Sucipto,September,10609.0,Pintu Masuk,2019,9,2019-09-01
Bandara Int. Lombok,September,6552.0,Pintu Masuk,2019,9,2019-09-01
Sam Ratulangi,September,11874.0,Pintu Masuk,2019,9,2019-09-01
Minangkabau,September,4427.0,Pintu Masuk,2019,9,2019-09-01
Sultan Syarif Kasim II,September,2409.0,Pintu Masuk,2019,9,2019-09-01
Sultan Iskandar Muda,September,2371.0,Pintu Masuk,2019,9,2019-09-01
Ahmad Yani,September,1946.0,Pintu Masuk,2019,9,2019-09-01
Supadio,September,2077.0,Pintu Masuk,2019,9,2019-09-01
Hasanuddin,September,1503.0,Pintu Masuk,2019,9,2019-09-01
Sultan Badaruddin II,September,1287.0,Pintu Masuk,2019,9,2019-09-01
Pintu Udara Lainnya,September,1351.0,Pintu Masuk Lainnya,2019,9,2019-09-01
B. Pintu Laut,September,327642.0,Sub-Total,2019,9,2019-09-01
Batam,September,159331.0,Pintu Masuk,2019,9,2019-09-01
Tanjung Uban,September,50232.0,Pintu Masuk,2019,9,2019-09-01
Tanjung Pinang,September,12768.0,Pintu Masuk,2019,9,2019-09-01
Tanjung Balai Karimun,September,8245.0,Pintu Masuk,2019,9,2019-09-01
Tanjung Benoa,September,28.0,Pintu Masuk,2019,9,2019-09-01
Tanjung Mas,September,266.0,Pintu Masuk,2019,9,2019-09-01
Pintu Laut Lainnya,September,96772.0,Pintu Masuk Lainnya,2019,9,2019-09-01
C. Pintu Darat,September,160668.0,Sub-Total,2019,9,2019-09-01
Jayapura,September,4052.0,Pintu Masuk,2019,9,2019-09-01
Atambua,September,7731.0,Pintu Masuk,2019,9,2019-09-01
Entikong,September,1704.0,Pintu Masuk,2019,9,2019-09-01
Aruk,September,1066.0,Pintu Masuk,2019,9,2019-09-01
Nanga Badau,September,981.0,Pintu Masuk,2019,9,2019-09-01
Pintu Darat Lainnya,September,145134.0,Pintu Masuk Lainnya,2019,9,2019-09-01
Jumlah (A+B+C),September,1388719.0,Grand Total,2019,9,2019-09-01
Lainnya,September,,Pintu Masuk Lainnya,2019,9,2019-09-01
Total,September,1388719.0,Grand Total,2019,9,2019-09-01
A. Pintu Udara,Oktober,855796.0,Sub-Total,2019,10,2019-10-01
Ngurah Rai,Oktober,565966.0,Pintu Masuk,2019,10,2019-10-01
Soekarno-Hatta,Oktober,189231.0,Pintu Masuk,2019,10,2019-10-01
Juanda,Oktober,20895.0,Pintu Masuk,2019,10,2019-10-01
Kualanamu,Oktober,21518.0,Pintu Masuk,2019,10,2019-10-01
Husein Sastranegara,Oktober,13420.0,Pintu Masuk,2019,10,2019-10-01
Adi Sucipto,Oktober,9535.0,Pintu Masuk,2019,10,2019-10-01
Bandara Int. Lombok,Oktober,5711.0,Pintu Masuk,2019,10,2019-10-01
Sam Ratulangi,Oktober,10394.0,Pintu Masuk,2019,10,2019-10-01
Minangkabau,Oktober,5271.0,Pintu Masuk,2019,10,2019-10-01
Sultan Syarif Kasim II,Oktober,2677.0,Pintu Masuk,2019,10,2019-10-01
Sultan Iskandar Muda,Oktober,2560.0,Pintu Masuk,2019,10,2019-10-01
Ahmad Yani,Oktober,2225.0,Pintu Masuk,2019,10,2019-10-01
Supadio,Oktober,1599.0,Pintu Masuk,2019,10,2019-10-01
Hasanuddin,Oktober,1439.0,Pintu Masuk,2019,10,2019-10-01
Sultan Badaruddin II,Oktober,1183.0,Pintu Masuk,2019,10,2019-10-01
Pintu Udara Lainnya,Oktober,2172.0,Pintu Masuk Lainnya,2019,10,2019-10-01
B. Pintu Laut,Oktober,332319.0,Sub-Total,2019,10,2019-10-01
Batam,Oktober,158619.0,Pintu Masuk,2019,10,2019-10-01
Tanjung Uban,Oktober,47670.0,Pintu Masuk,2019,10,2019-10-01
Tanjung Pinang,Oktober,12406.0,Pintu Masuk,2019,10,2019-10-01
Tanjung Balai Karimun,Oktober,8451.0,Pintu Masuk,2019,10,2019-10-01
Tanjung Benoa,Oktober,2001.0,Pintu Masuk,2019,10,2019-10-01
Tanjung Mas,Oktober,0.0,Pintu Masuk,2019,10,2019-10-01
Pintu Laut Lainnya,Oktober,103172.0,Pintu Masuk Lainnya,2019,10,2019-10-01
C. Pintu Darat,Oktober,158319.0,Sub-Total,2019,10,2019-10-01
Jayapura,Oktober,3874.0,Pintu Masuk,2019,10,2019-10-01
Atambua,Oktober,8994.0,Pintu Masuk,2019,10,2019-10-01
Entikong,Oktober,1705.0,Pintu Masuk,2019,10,2019-10-01
Aruk,Oktober,763.0,Pintu Masuk,2019,10,2019-10-01
Nanga Badau,Oktober,911.0,Pintu Masuk,2019,10,2019-10-01
Pintu Darat Lainnya,Oktober,142072.0,Pintu Masuk Lainnya,2019,10,2019-10-01
Jumlah (A+B+C),Oktober,1346434.0,Grand Total,2019,10,2019-10-01
Lainnya,Oktober,,Pintu Masuk Lainnya,2019,10,2019-10-01
Total,Oktober,1346434.0,Grand Total,2019,10,2019-10-01
A. Pintu Udara,November,777244.0,Sub-Total,2019,11,2019-11-01
Ngurah Rai,November,492904.0,Pintu Masuk,2019,11,2019-11-01
Soekarno-Hatta,November,183759.0,Pintu Masuk,2019,11,2019-11-01
Juanda,November,20780.0,Pintu Masuk,2019,11,2019-11-01
Kualanamu,November,20798.0,Pintu Masuk,2019,11,2019-11-01
Husein Sastranegara,November,14616.0,Pintu Masuk,2019,11,2019-11-01
Adi Sucipto,November,9218.0,Pintu Masuk,2019,11,2019-11-01
Bandara Int. Lombok,November,4635.0,Pintu Masuk,2019,11,2019-11-01
Sam Ratulangi,November,9261.0,Pintu Masuk,2019,11,2019-11-01
Minangkabau,November,5013.0,Pintu Masuk,2019,11,2019-11-01
Sultan Syarif Kasim II,November,2917.0,Pintu Masuk,2019,11,2019-11-01
Sultan Iskandar Muda,November,2417.0,Pintu Masuk,2019,11,2019-11-01
Ahmad Yani,November,2296.0,Pintu Masuk,2019,11,2019-11-01
Supadio,November,1811.0,Pintu Masuk,2019,11,2019-11-01
Hasanuddin,November,1595.0,Pintu Masuk,2019,11,2019-11-01
Sultan Badaruddin II,November,1218.0,Pintu Masuk,2019,11,2019-11-01
Pintu Udara Lainnya,November,4006.0,Pintu Masuk Lainnya,2019,11,2019-11-01
B. Pintu Laut,November,358264.0,Sub-Total,2019,11,2019-11-01
Batam,November,167288.0,Pintu Masuk,2019,11,2019-11-01
Tanjung Uban,November,52374.0,Pintu Masuk,2019,11,2019-11-01
Tanjung Pinang,November,12378.0,Pintu Masuk,2019,11,2019-11-01
Tanjung Balai Karimun,November,9209.0,Pintu Masuk,2019,11,2019-11-01
Tanjung Benoa,November,5021.0,Pintu Masuk,2019,11,2019-11-01
Tanjung Mas,November,2202.0,Pintu Masuk,2019,11,2019-11-01
Pintu Laut Lainnya,November,109792.0,Pintu Masuk Lainnya,2019,11,2019-11-01
C. Pintu Darat,November,145273.0,Sub-Total,2019,11,2019-11-01
Jayapura,November,5006.0,Pintu Masuk,2019,11,2019-11-01
Atambua,November,9824.0,Pintu Masuk,2019,11,2019-11-01
Entikong,November,1691.0,Pintu Masuk,2019,11,2019-11-01
Aruk,November,1009.0,Pintu Masuk,2019,11,2019-11-01
Nanga Badau,November,954.0,Pintu Masuk,2019,11,2019-11-01
Pintu Darat Lainnya,November,126789.0,Pintu Masuk Lainnya,2019,11,2019-11-01
Jumlah (A+B+C),November,1280781.0,Grand Total,2019,11,2019-11-01
Lainnya,November,,Pintu Masuk Lainnya,2019,11,2019-11-01
Total,November,1280781.0,Grand Total,2019,11,2019-11-01
A. Pintu Udara,Desember,838978.0,Sub-Total,2019,12,2019-12-01
Ngurah Rai,Desember,544726.0,Pintu Masuk,2019,12,2019-12-01
Soekarno-Hatta,Desember,186723.0,Pintu Masuk,2019,12,2019-12-01
Juanda,Desember,20546.0,Pintu Masuk,2019,12,2019-12-01
Kualanamu,Desember,22431.0,Pintu Masuk,2019,12,2019-12-01
Husein Sastranegara,Desember,14951.0,Pintu Masuk,2019,12,2019-12-01
Adi Sucipto,Desember,9795.0,Pintu Masuk,2019,12,2019-12-01
Bandara Int. Lombok,Desember,5499.0,Pintu Masuk,2019,12,2019-12-01
Sam Ratulangi,Desember,10743.0,Pintu Masuk,2019,12,2019-12-01
Minangkabau,Desember,5180.0,Pintu Masuk,2019,12,2019-12-01
Sultan Syarif Kasim II,Desember,4042.0,Pintu Masuk,2019,12,2019-12-01
Sultan Iskandar Muda,Desember,4012.0,Pintu Masuk,2019,12,2019-12-01
Ahmad Yani,Desember,2627.0,Pintu Masuk,2019,12,2019-12-01
Supadio,Desember,1527.0,Pintu Masuk,2019,12,2019-12-01
Hasanuddin,Desember,1821.0,Pintu Masuk,2019,12,2019-12-01
Sultan Badaruddin II,Desember,762.0,Pintu Masuk,2019,12,2019-12-01
Pintu Udara Lainnya,Desember,3593.0,Pintu Masuk Lainnya,2019,12,2019-12-01
B. Pintu Laut,Desember,388495.0,Sub-Total,2019,12,2019-12-01
Batam,Desember,190232.0,Pintu Masuk,2019,12,2019-12-01
Tanjung Uban,Desember,59340.0,Pintu Masuk,2019,12,2019-12-01
Tanjung Pinang,Desember,16426.0,Pintu Masuk,2019,12,2019-12-01
Tanjung Balai Karimun,Desember,10916.0,Pintu Masuk,2019,12,2019-12-01
Tanjung Benoa,Desember,7677.0,Pintu Masuk,2019,12,2019-12-01
Tanjung Mas,Desember,5135.0,Pintu Masuk,2019,12,2019-12-01
Pintu Laut Lainnya,Desember,98769.0,Pintu Masuk Lainnya,2019,12,2019-12-01
C. Pintu Darat,Desember,149594.0,Sub-Total,2019,12,2019-12-01
Jayapura,Desember,6155.0,Pintu Masuk,2019,12,2019-12-01
Atambua,Desember,12561.0,Pintu Masuk,2019,12,2019-12-01
Entikong,Desember,3177.0,Pintu Masuk,2019,12,2019-12-01
Aruk,Desember,1708.0,Pintu Masuk,2019,12,2019-12-01
Nanga Badau,Desember,1585.0,Pintu Masuk,2019,12,2019-12-01
Pintu Darat Lainnya,Desember,124408.0,Pintu Masuk Lainnya,2019,12,2019-12-01
Jumlah (A+B+C),Desember,1377067.0,Grand Total,2019,12,2019-12-01
Lainnya,Desember,,Pintu Masuk Lainnya,2019,12,2019-12-01
Total,Desember,1377067.0,Grand Total,2019,12,2019-12-01
A. Pintu Udara,Januari,821851.0,Sub-Total,2020,1,2020-01-01
Ngurah Rai,Januari,533392.0,Pintu Masuk,2020,1,2020-01-01
Soekarno-Hatta,Januari,186793.0,Pintu Masuk,2020,1,2020-01-01
Juanda,Januari,17119.0,Pintu Masuk,2020,1,2020-01-01
Kualanamu,Januari,19419.0,Pintu Masuk,2020,1,2020-01-01
Husein Sastranegara,Januari,12882.0,Pintu Masuk,2020,1,2020-01-01
Adi Sucipto,Januari,8386.0,Pintu Masuk,2020,1,2020-01-01
Bandara Int. Lombok,Januari,6331.0,Pintu Masuk,2020,1,2020-01-01
Sam Ratulangi,Januari,12517.0,Pintu Masuk,2020,1,2020-01-01
Minangkabau,Januari,4616.0,Pintu Masuk,2020,1,2020-01-01
Sultan Syarif Kasim II,Januari,3212.0,Pintu Masuk,2020,1,2020-01-01
Sultan Iskandar Muda,Januari,3976.0,Pintu Masuk,2020,1,2020-01-01
Ahmad Yani,Januari,2239.0,Pintu Masuk,2020,1,2020-01-01
Supadio,Januari,1879.0,Pintu Masuk,2020,1,2020-01-01
Hasanuddin,Januari,1338.0,Pintu Masuk,2020,1,2020-01-01
Sultan Badaruddin II,Januari,1263.0,Pintu Masuk,2020,1,2020-01-01
Pintu Udara Lainnya,Januari,6489.0,Pintu Masuk Lainnya,2020,1,2020-01-01
B. Pintu Laut,Januari,313541.0,Sub-Total,2020,1,2020-01-01
Batam,Januari,154464.0,Pintu Masuk,2020,1,2020-01-01
Tanjung Uban,Januari,41252.0,Pintu Masuk,2020,1,2020-01-01
Tanjung Pinang,Januari,14021.0,Pintu Masuk,2020,1,2020-01-01
Tanjung Balai Karimun,Januari,10828.0,Pintu Masuk,2020,1,2020-01-01
Tanjung Benoa,Januari,3214.0,Pintu Masuk,2020,1,2020-01-01
Tanjung Mas,Januari,,Pintu Masuk,2020,1,2020-01-01
Pintu Laut Lainnya,Januari,89762.0,Pintu Masuk Lainnya,2020,1,2020-01-01
C. Pintu Darat,Januari,155019.0,Sub-Total,2020,1,2020-01-01
Jayapura,Januari,5671.0,Pintu Masuk,2020,1,2020-01-01
Atambua,Januari,12640.0,Pintu Masuk,2020,1,2020-01-01
Entikong,Januari,2177.0,Pintu Masuk,2020,1,2020-01-01
Aruk,Januari,2834.0,Pintu Masuk,2020,1,2020-01-01
Nanga Badau,Januari,1213.0,Pintu Masuk,2020,1,2020-01-01
Pintu Darat Lainnya,Januari,130484.0,Pintu Masuk Lainnya,2020,1,2020-01-01
Jumlah (A+B+C),Januari,1290411.0,Grand Total,2020,1,2020-01-01
Lainnya,Januari,,Pintu Masuk Lainnya,2020,1,2020-01-01
Total,Januari,1290411.0,Grand Total,2020,1,2020-01-01
A. Pintu Udara,Februari,562150.0,Sub-Total,2020,2,2020-02-01
Ngurah Rai,Februari,358929.0,Pintu Masuk,2020,2,2020-02-01
Soekarno-Hatta,Februari,132490.0,Pintu Masuk,2020,2,2020-02-01
Juanda,Februari,11706.0,Pintu Masuk,2020,2,2020-02-01
Kualanamu,Februari,14309.0,Pintu Masuk,2020,2,2020-02-01
Husein Sastranegara,Februari,12494.0,Pintu Masuk,2020,2,2020-02-01
Adi Sucipto,Februari,7101.0,Pintu Masuk,2020,2,2020-02-01
Bandara Int. Lombok,Februari,4224.0,Pintu Masuk,2020,2,2020-02-01
Sam Ratulangi,Februari,928.0,Pintu Masuk,2020,2,2020-02-01
Minangkabau,Februari,4111.0,Pintu Masuk,2020,2,2020-02-01
Sultan Syarif Kasim II,Februari,2378.0,Pintu Masuk,2020,2,2020-02-01
Sultan Iskandar Muda,Februari,3978.0,Pintu Masuk,2020,2,2020-02-01
Ahmad Yani,Februari,1769.0,Pintu Masuk,2020,2,2020-02-01
Supadio,Februari,1780.0,Pintu Masuk,2020,2,2020-02-01
Hasanuddin,Februari,1227.0,Pintu Masuk,2020,2,2020-02-01
Sultan Badaruddin II,Februari,851.0,Pintu Masuk,2020,2,2020-02-01
Pintu Udara Lainnya,Februari,3875.0,Pintu Masuk Lainnya,2020,2,2020-02-01
B. Pintu Laut,Februari,192604.0,Sub-Total,2020,2,2020-02-01
Batam,Februari,94684.0,Pintu Masuk,2020,2,2020-02-01
Tanjung Uban,Februari,18230.0,Pintu Masuk,2020,2,2020-02-01
Tanjung Pinang,Februari,4849.0,Pintu Masuk,2020,2,2020-02-01
Tanjung Balai Karimun,Februari,7444.0,Pintu Masuk,2020,2,2020-02-01
Tanjung Benoa,Februari,5710.0,Pintu Masuk,2020,2,2020-02-01
Tanjung Mas,Februari,,Pintu Masuk,2020,2,2020-02-01
Pintu Laut Lainnya,Februari,61687.0,Pintu Masuk Lainnya,2020,2,2020-02-01
C. Pintu Darat,Februari,118011.0,Sub-Total,2020,2,2020-02-01
Jayapura,Februari,0.0,Pintu Masuk,2020,2,2020-02-01
Atambua,Februari,7124.0,Pintu Masuk,2020,2,2020-02-01
Entikong,Februari,1746.0,Pintu Masuk,2020,2,2020-02-01
Aruk,Februari,2330.0,Pintu Masuk,2020,2,2020-02-01
Nanga Badau,Februari,989.0,Pintu Masuk,2020,2,2020-02-01
Pintu Darat Lainnya,Februari,105822.0,Pintu Masuk Lainnya,2020,2,2020-02-01
Jumlah (A+B+C),Februari,872765.0,Grand Total,2020,2,2020-02-01
Lainnya,Februari,,Pintu Masuk Lainnya,2020,2,2020-02-01
Total,Februari,872765.0,Grand Total,2020,2,2020-02-01
A. Pintu Udara,Maret,255067.0,Sub-Total,2020,3,2020-03-01
Ngurah Rai,Maret,166388.0,Pintu Masuk,2020,3,2020-03-01
Soekarno-Hatta,Maret,53124.0,Pintu Masuk,2020,3,2020-03-01
Juanda,Maret,5765.0,Pintu Masuk,2020,3,2020-03-01
Kualanamu,Maret,7334.0,Pintu Masuk,2020,3,2020-03-01
Husein Sastranegara,Maret,5780.0,Pintu Masuk,2020,3,2020-03-01
Adi Sucipto,Maret,3159.0,Pintu Masuk,2020,3,2020-03-01
Bandara Int. Lombok,Maret,1954.0,Pintu Masuk,2020,3,2020-03-01
Sam Ratulangi,Maret,566.0,Pintu Masuk,2020,3,2020-03-01
Minangkabau,Maret,2530.0,Pintu Masuk,2020,3,2020-03-01
Sultan Syarif Kasim II,Maret,1241.0,Pintu Masuk,2020,3,2020-03-01
Sultan Iskandar Muda,Maret,2390.0,Pintu Masuk,2020,3,2020-03-01
Ahmad Yani,Maret,932.0,Pintu Masuk,2020,3,2020-03-01
Supadio,Maret,818.0,Pintu Masuk,2020,3,2020-03-01
Hasanuddin,Maret,1032.0,Pintu Masuk,2020,3,2020-03-01
Sultan Badaruddin II,Maret,449.0,Pintu Masuk,2020,3,2020-03-01
Pintu Udara Lainnya,Maret,1605.0,Pintu Masuk Lainnya,2020,3,2020-03-01
B. Pintu Laut,Maret,111323.0,Sub-Total,2020,3,2020-03-01
Batam,Maret,43853.0,Pintu Masuk,2020,3,2020-03-01
Tanjung Uban,Maret,5047.0,Pintu Masuk,2020,3,2020-03-01
Tanjung Pinang,Maret,2623.0,Pintu Masuk,2020,3,2020-03-01
Tanjung Balai Karimun,Maret,3552.0,Pintu Masuk,2020,3,2020-03-01
Tanjung Benoa,Maret,1071.0,Pintu Masuk,2020,3,2020-03-01
Tanjung Mas,Maret,,Pintu Masuk,2020,3,2020-03-01
Pintu Laut Lainnya,Maret,55177.0,Pintu Masuk Lainnya,2020,3,2020-03-01
C. Pintu Darat,Maret,119765.0,Sub-Total,2020,3,2020-03-01
Jayapura,Maret,0.0,Pintu Masuk,2020,3,2020-03-01
Atambua,Maret,3955.0,Pintu Masuk,2020,3,2020-03-01
Entikong,Maret,833.0,Pintu Masuk,2020,3,2020-03-01
Aruk,Maret,937.0,Pintu Masuk,2020,3,2020-03-01
Nanga Badau,Maret,610.0,Pintu Masuk,2020,3,2020-03-01
Pintu Darat Lainnya,Maret,113430.0,Pintu Masuk Lainnya,2020,3,2020-03-01
Jumlah (A+B+C),Maret,486155.0,Grand Total,2020,3,2020-03-01
Lainnya,Maret,,Pintu Masuk Lainnya,2020,3,2020-03-01
Total,Maret,486155.0,Grand Total,2020,3,2020-03-01
A. Pintu Udara,April,783.0,Sub-Total,2020,4,2020-04-01
Ngurah Rai,April,273.0,Pintu Masuk,2020,4,2020-04-01
Soekarno-Hatta,April,420.0,Pintu Masuk,2020,4,2020-04-01
Juanda,April,25.0,Pintu Masuk,2020,4,2020-04-01
Kualanamu,April,10.0,Pintu Masuk,2020,4,2020-04-01
Husein Sastranegara,April,0.0,Pintu Masuk,2020,4,2020-04-01
Adi Sucipto,April,0.0,Pintu Masuk,2020,4,2020-04-01
Bandara Int. Lombok,April,10.0,Pintu Masuk,2020,4,2020-04-01
Sam Ratulangi,April,0.0,Pintu Masuk,2020,4,2020-04-01
Minangkabau,April,0.0,Pintu Masuk,2020,4,2020-04-01
Sultan Syarif Kasim II,April,0.0,Pintu Masuk,2020,4,2020-04-01
Sultan Iskandar Muda,April,1.0,Pintu Masuk,2020,4,2020-04-01
Ahmad Yani,April,3.0,Pintu Masuk,2020,4,2020-04-01
Supadio,April,0.0,Pintu Masuk,2020,4,2020-04-01
Hasanuddin,April,0.0,Pintu Masuk,2020,4,2020-04-01
Sultan Badaruddin II,April,0.0,Pintu Masuk,2020,4,2020-04-01
Pintu Udara Lainnya,April,41.0,Pintu Masuk Lainnya,2020,4,2020-04-01
B. Pintu Laut,April,45058.0,Sub-Total,2020,4,2020-04-01
Batam,April,230.0,Pintu Masuk,2020,4,2020-04-01
Tanjung Uban,April,63.0,Pintu Masuk,2020,4,2020-04-01
Tanjung Pinang,April,106.0,Pintu Masuk,2020,4,2020-04-01
Tanjung Balai Karimun,April,6.0,Pintu Masuk,2020,4,2020-04-01
Tanjung Benoa,April,106.0,Pintu Masuk,2020,4,2020-04-01
Tanjung Mas,April,,Pintu Masuk,2020,4,2020-04-01
Pintu Laut Lainnya,April,44547.0,Pintu Masuk Lainnya,2020,4,2020-04-01
C. Pintu Darat,April,112225.0,Sub-Total,2020,4,2020-04-01
Jayapura,April,0.0,Pintu Masuk,2020,4,2020-04-01
Atambua,April,2.0,Pintu Masuk,2020,4,2020-04-01
Entikong,April,5.0,Pintu Masuk,2020,4,2020-04-01
Aruk,April,19.0,Pintu Masuk,2020,4,2020-04-01
Nanga Badau,April,0.0,Pintu Masuk,2020,4,2020-04-01
Pintu Darat Lainnya,April,112199.0,Pintu Masuk Lainnya,2020,4,2020-04-01
Jumlah (A+B+C),April,158066.0,Grand Total,2020,4,2020-04-01
Lainnya,April,,Pintu Masuk Lainnya,2020,4,2020-04-01
Total,April,158066.0,Grand Total,2020,4,2020-04-01
A. Pintu Udara,Mei,506.0,Sub-Total,2020,5,2020-05-01
Ngurah Rai,Mei,34.0,Pintu Masuk,2020,5,2020-05-01
Soekarno-Hatta,Mei,396.0,Pintu Masuk,2020,5,2020-05-01
Juanda,Mei,12.0,Pintu Masuk,2020,5,2020-05-01
Kualanamu,Mei,1.0,Pintu Masuk,2020,5,2020-05-01
Husein Sastranegara,Mei,0.0,Pintu Masuk,2020,5,2020-05-01
Adi Sucipto,Mei,0.0,Pintu Masuk,2020,5,2020-05-01
Bandara Int. Lombok,Mei,0.0,Pintu Masuk,2020,5,2020-05-01
Sam Ratulangi,Mei,0.0,Pintu Masuk,2020,5,2020-05-01
Minangkabau,Mei,0.0,Pintu Masuk,2020,5,2020-05-01
Sultan Syarif Kasim II,Mei,0.0,Pintu Masuk,2020,5,2020-05-01
Sultan Iskandar Muda,Mei,0.0,Pintu Masuk,2020,5,2020-05-01
Ahmad Yani,Mei,0.0,Pintu Masuk,2020,5,2020-05-01
Supadio,Mei,0.0,Pintu Masuk,2020,5,2020-05-01
Hasanuddin,Mei,0.0,Pintu Masuk,2020,5,2020-05-01
Sultan Badaruddin II,Mei,2.0,Pintu Masuk,2020,5,2020-05-01
Pintu Udara Lainnya,Mei,61.0,Pintu Masuk Lainnya,2020,5,2020-05-01
B. Pintu Laut,Mei,46615.0,Sub-Total,2020,5,2020-05-01
Batam,Mei,214.0,Pintu Masuk,2020,5,2020-05-01
Tanjung Uban,Mei,61.0,Pintu Masuk,2020,5,2020-05-01
Tanjung Pinang,Mei,58.0,Pintu Masuk,2020,5,2020-05-01
Tanjung Balai Karimun,Mei,0.0,Pintu Masuk,2020,5,2020-05-01
Tanjung Benoa,Mei,2.0,Pintu Masuk,2020,5,2020-05-01
Tanjung Mas,Mei,,Pintu Masuk,2020,5,2020-05-01
Pintu Laut Lainnya,Mei,46280.0,Pintu Masuk Lainnya,2020,5,2020-05-01
C. Pintu Darat,Mei,114721.0,Sub-Total,2020,5,2020-05-01
Jayapura,Mei,0.0,Pintu Masuk,2020,5,2020-05-01
Atambua,Mei,2.0,Pintu Masuk,2020,5,2020-05-01
Entikong,Mei,2.0,Pintu Masuk,2020,5,2020-05-01
Aruk,Mei,23.0,Pintu Masuk,2020,5,2020-05-01
Nanga Badau,Mei,0.0,Pintu Masuk,2020,5,2020-05-01
Pintu Darat Lainnya,Mei,114694.0,Pintu Masuk Lainnya,2020,5,2020-05-01
Jumlah (A+B+C),Mei,161842.0,Grand Total,2020,5,2020-05-01
Lainnya,Mei,,Pintu Masuk Lainnya,2020,5,2020-05-01
Total,Mei,161842.0,Grand Total,2020,5,2020-05-01
A. Pintu Udara,Juni,1463.0,Sub-Total,2020,6,2020-06-01
Ngurah Rai,Juni,10.0,Pintu Masuk,2020,6,2020-06-01
Soekarno-Hatta,Juni,909.0,Pintu Masuk,2020,6,2020-06-01
Juanda,Juni,97.0,Pintu Masuk,2020,6,2020-06-01
Kualanamu,Juni,95.0,Pintu Masuk,2020,6,2020-06-01
Husein Sastranegara,Juni,0.0,Pintu Masuk,2020,6,2020-06-01
Adi Sucipto,Juni,7.0,Pintu Masuk,2020,6,2020-06-01
Bandara Int. Lombok,Juni,19.0,Pintu Masuk,2020,6,2020-06-01
Sam Ratulangi,Juni,267.0,Pintu Masuk,2020,6,2020-06-01
Minangkabau,Juni,0.0,Pintu Masuk,2020,6,2020-06-01
Sultan Syarif Kasim II,Juni,1.0,Pintu Masuk,2020,6,2020-06-01
Sultan Iskandar Muda,Juni,0.0,Pintu Masuk,2020,6,2020-06-01
Ahmad Yani,Juni,0.0,Pintu Masuk,2020,6,2020-06-01
Supadio,Juni,0.0,Pintu Masuk,2020,6,2020-06-01
Hasanuddin,Juni,0.0,Pintu Masuk,2020,6,2020-06-01
Sultan Badaruddin II,Juni,17.0,Pintu Masuk,2020,6,2020-06-01
Pintu Udara Lainnya,Juni,41.0,Pintu Masuk Lainnya,2020,6,2020-06-01
B. Pintu Laut,Juni,47060.0,Sub-Total,2020,6,2020-06-01
Batam,Juni,94.0,Pintu Masuk,2020,6,2020-06-01
Tanjung Uban,Juni,0.0,Pintu Masuk,2020,6,2020-06-01
Tanjung Pinang,Juni,0.0,Pintu Masuk,2020,6,2020-06-01
Tanjung Balai Karimun,Juni,0.0,Pintu Masuk,2020,6,2020-06-01
Tanjung Benoa,Juni,35.0,Pintu Masuk,2020,6,2020-06-01
Tanjung Mas,Juni,,Pintu Masuk,2020,6,2020-06-01
Pintu Laut Lainnya,Juni,46931.0,Pintu Masuk Lainnya,2020,6,2020-06-01
C. Pintu Darat,Juni,108038.0,Sub-Total,2020,6,2020-06-01
Jayapura,Juni,0.0,Pintu Masuk,2020,6,2020-06-01
Atambua,Juni,0.0,Pintu Masuk,2020,6,2020-06-01
Entikong,Juni,4.0,Pintu Masuk,2020,6,2020-06-01
Aruk,Juni,64.0,Pintu Masuk,2020,6,2020-06-01
Nanga Badau,Juni,0.0,Pintu Masuk,2020,6,2020-06-01
Pintu Darat Lainnya,Juni,107970.0,Pintu Masuk Lainnya,2020,6,2020-06-01
Jumlah (A+B+C),Juni,156561.0,Grand Total,2020,6,2020-06-01
Lainnya,Juni,,Pintu Masuk Lainnya,2020,6,2020-06-01
Total,Juni,156561.0,Grand Total,2020,6,2020-06-01
A. Pintu Udara,Juli,4069.0,Sub-Total,2020,7,2020-07-01
Ngurah Rai,Juli,16.0,Pintu Masuk,2020,7,2020-07-01
Soekarno-Hatta,Juli,3119.0,Pintu Masuk,2020,7,2020-07-01
Juanda,Juli,76.0,Pintu Masuk,2020,7,2020-07-01
Kualanamu,Juli,68.0,Pintu Masuk,2020,7,2020-07-01
Husein Sastranegara,Juli,0.0,Pintu Masuk,2020,7,2020-07-01
Adi Sucipto,Juli,0.0,Pintu Masuk,2020,7,2020-07-01
Bandara Int. Lombok,Juli,7.0,Pintu Masuk,2020,7,2020-07-01
Sam Ratulangi,Juli,693.0,Pintu Masuk,2020,7,2020-07-01
Minangkabau,Juli,0.0,Pintu Masuk,2020,7,2020-07-01
Sultan Syarif Kasim II,Juli,0.0,Pintu Masuk,2020,7,2020-07-01
Sultan Iskandar Muda,Juli,0.0,Pintu Masuk,2020,7,2020-07-01
Ahmad Yani,Juli,0.0,Pintu Masuk,2020,7,2020-07-01
Supadio,Juli,0.0,Pintu Masuk,2020,7,2020-07-01
Hasanuddin,Juli,0.0,Pintu Masuk,2020,7,2020-07-01
Sultan Badaruddin II,Juli,0.0,Pintu Masuk,2020,7,2020-07-01
Pintu Udara Lainnya,Juli,90.0,Pintu Masuk Lainnya,2020,7,2020-07-01
B. Pintu Laut,Juli,46942.0,Sub-Total,2020,7,2020-07-01
Batam,Juli,54.0,Pintu Masuk,2020,7,2020-07-01
Tanjung Uban,Juli,0.0,Pintu Masuk,2020,7,2020-07-01
Tanjung Pinang,Juli,0.0,Pintu Masuk,2020,7,2020-07-01
Tanjung Balai Karimun,Juli,0.0,Pintu Masuk,2020,7,2020-07-01
Tanjung Benoa,Juli,0.0,Pintu Masuk,2020,7,2020-07-01
Tanjung Mas,Juli,,Pintu Masuk,2020,7,2020-07-01
Pintu Laut Lainnya,Juli,46888.0,Pintu Masuk Lainnya,2020,7,2020-07-01
C. Pintu Darat,Juli,104731.0,Sub-Total,2020,7,2020-07-01
Jayapura,Juli,0.0,Pintu Masuk,2020,7,2020-07-01
Atambua,Juli,36.0,Pintu Masuk,2020,7,2020-07-01
Entikong,Juli,26.0,Pintu Masuk,2020,7,2020-07-01
Aruk,Juli,4.0,Pintu Masuk,2020,7,2020-07-01
Nanga Badau,Juli,0.0,Pintu Masuk,2020,7,2020-07-01
Pintu Darat Lainnya,Juli,104665.0,Pintu Masuk Lainnya,2020,7,2020-07-01
Jumlah (A+B+C),Juli,155742.0,Grand Total,2020,7,2020-07-01
Lainnya,Juli,,Pintu Masuk Lainnya,2020,7,2020-07-01
Total,Juli,155742.0,Grand Total,2020,7,2020-07-01
A. Pintu Udara,Agustus,5728.0,Sub-Total,2020,8,2020-08-01
Ngurah Rai,Agustus,12.0,Pintu Masuk,2020,8,2020-08-01
Soekarno-Hatta,Agustus,4469.0,Pintu Masuk,2020,8,2020-08-01
Juanda,Agustus,24.0,Pintu Masuk,2020,8,2020-08-01
Kualanamu,Agustus,28.0,Pintu Masuk,2020,8,2020-08-01
Husein Sastranegara,Agustus,0.0,Pintu Masuk,2020,8,2020-08-01
Adi Sucipto,Agustus,0.0,Pintu Masuk,2020,8,2020-08-01
Bandara Int. Lombok,Agustus,2.0,Pintu Masuk,2020,8,2020-08-01
Sam Ratulangi,Agustus,912.0,Pintu Masuk,2020,8,2020-08-01
Minangkabau,Agustus,0.0,Pintu Masuk,2020,8,2020-08-01
Sultan Syarif Kasim II,Agustus,2.0,Pintu Masuk,2020,8,2020-08-01
Sultan Iskandar Muda,Agustus,1.0,Pintu Masuk,2020,8,2020-08-01
Ahmad Yani,Agustus,0.0,Pintu Masuk,2020,8,2020-08-01
Supadio,Agustus,0.0,Pintu Masuk,2020,8,2020-08-01
Hasanuddin,Agustus,0.0,Pintu Masuk,2020,8,2020-08-01
Sultan Badaruddin II,Agustus,15.0,Pintu Masuk,2020,8,2020-08-01
Pintu Udara Lainnya,Agustus,263.0,Pintu Masuk Lainnya,2020,8,2020-08-01
B. Pintu Laut,Agustus,49542.0,Sub-Total,2020,8,2020-08-01
Batam,Agustus,50.0,Pintu Masuk,2020,8,2020-08-01
Tanjung Uban,Agustus,71.0,Pintu Masuk,2020,8,2020-08-01
Tanjung Pinang,Agustus,0.0,Pintu Masuk,2020,8,2020-08-01
Tanjung Balai Karimun,Agustus,0.0,Pintu Masuk,2020,8,2020-08-01
Tanjung Benoa,Agustus,0.0,Pintu Masuk,2020,8,2020-08-01
Tanjung Mas,Agustus,,Pintu Masuk,2020,8,2020-08-01
Pintu Laut Lainnya,Agustus,49421.0,Pintu Masuk Lainnya,2020,8,2020-08-01
C. Pintu Darat,Agustus,106279.0,Sub-Total,2020,8,2020-08-01
Jayapura,Agustus,2.0,Pintu Masuk,2020,8,2020-08-01
Atambua,Agustus,33.0,Pintu Masuk,2020,8,2020-08-01
Entikong,Agustus,42.0,Pintu Masuk,2020,8,2020-08-01
Aruk,Agustus,4.0,Pintu Masuk,2020,8,2020-08-01
Nanga Badau,Agustus,0.0,Pintu Masuk,2020,8,2020-08-01
Pintu Darat Lainnya,Agustus,106198.0,Pintu Masuk Lainnya,2020,8,2020-08-01
Jumlah (A+B+C),Agustus,161549.0,Grand Total,2020,8,2020-08-01
Lainnya,Agustus,,Pintu Masuk Lainnya,2020,8,2020-08-01
Total,Agustus,161549.0,Grand Total,2020,8,2020-08-01
A. Pintu Udara,September,9991.0,Sub-Total,2020,9,2020-09-01
Ngurah Rai,September,8.0,Pintu Masuk,2020,9,2020-09-01
Soekarno-Hatta,September,7468.0,Pintu Masuk,2020,9,2020-09-01
Juanda,September,20.0,Pintu Masuk,2020,9,2020-09-01
Kualanamu,September,36.0,Pintu Masuk,2020,9,2020-09-01
Husein Sastranegara,September,23.0,Pintu Masuk,2020,9,2020-09-01
Adi Sucipto,September,0.0,Pintu Masuk,2020,9,2020-09-01
Bandara Int. Lombok,September,0.0,Pintu Masuk,2020,9,2020-09-01
Sam Ratulangi,September,2174.0,Pintu Masuk,2020,9,2020-09-01
Minangkabau,September,1.0,Pintu Masuk,2020,9,2020-09-01
Sultan Syarif Kasim II,September,3.0,Pintu Masuk,2020,9,2020-09-01
Sultan Iskandar Muda,September,5.0,Pintu Masuk,2020,9,2020-09-01
Ahmad Yani,September,10.0,Pintu Masuk,2020,9,2020-09-01
Supadio,September,0.0,Pintu Masuk,2020,9,2020-09-01
Hasanuddin,September,0.0,Pintu Masuk,2020,9,2020-09-01
Sultan Badaruddin II,September,0.0,Pintu Masuk,2020,9,2020-09-01
Pintu Udara Lainnya,September,243.0,Pintu Masuk Lainnya,2020,9,2020-09-01
B. Pintu Laut,September,45109.0,Sub-Total,2020,9,2020-09-01
Batam,September,341.0,Pintu Masuk,2020,9,2020-09-01
Tanjung Uban,September,0.0,Pintu Masuk,2020,9,2020-09-01
Tanjung Pinang,September,0.0,Pintu Masuk,2020,9,2020-09-01
Tanjung Balai Karimun,September,5.0,Pintu Masuk,2020,9,2020-09-01
Tanjung Benoa,September,0.0,Pintu Masuk,2020,9,2020-09-01
Tanjung Mas,September,,Pintu Masuk,2020,9,2020-09-01
Pintu Laut Lainnya,September,44763.0,Pintu Masuk Lainnya,2020,9,2020-09-01
C. Pintu Darat,September,93884.0,Sub-Total,2020,9,2020-09-01
Jayapura,September,0.0,Pintu Masuk,2020,9,2020-09-01
Atambua,September,0.0,Pintu Masuk,2020,9,2020-09-01
Entikong,September,63.0,Pintu Masuk,2020,9,2020-09-01
Aruk,September,2.0,Pintu Masuk,2020,9,2020-09-01
Nanga Badau,September,0.0,Pintu Masuk,2020,9,2020-09-01
Pintu Darat Lainnya,September,93819.0,Pintu Masuk Lainnya,2020,9,2020-09-01
Jumlah (A+B+C),September,148984.0,Grand Total,2020,9,2020-09-01
Lainnya,September,,Pintu Masuk Lainnya,2020,9,2020-09-01
Total,September,148984.0,Grand Total,2020,9,2020-09-01
A. Pintu Udara,Oktober,12280.0,Sub-Total,2020,10,2020-10-01
Ngurah Rai,Oktober,7.0,Pintu Masuk,2020,10,2020-10-01
Soekarno-Hatta,Oktober,9830.0,Pintu Masuk,2020,10,2020-10-01
Juanda,Oktober,37.0,Pintu Masuk,2020,10,2020-10-01
Kualanamu,Oktober,29.0,Pintu Masuk,2020,10,2020-10-01
Husein Sastranegara,Oktober,15.0,Pintu Masuk,2020,10,2020-10-01
Adi Sucipto,Oktober,0.0,Pintu Masuk,2020,10,2020-10-01
Bandara Int. Lombok,Oktober,0.0,Pintu Masuk,2020,10,2020-10-01
Sam Ratulangi,Oktober,2178.0,Pintu Masuk,2020,10,2020-10-01
Minangkabau,Oktober,0.0,Pintu Masuk,2020,10,2020-10-01
Sultan Syarif Kasim II,Oktober,0.0,Pintu Masuk,2020,10,2020-10-01
Sultan Iskandar Muda,Oktober,0.0,Pintu Masuk,2020,10,2020-10-01
Ahmad Yani,Oktober,0.0,Pintu Masuk,2020,10,2020-10-01
Supadio,Oktober,1.0,Pintu Masuk,2020,10,2020-10-01
Hasanuddin,Oktober,0.0,Pintu Masuk,2020,10,2020-10-01
Sultan Badaruddin II,Oktober,2.0,Pintu Masuk,2020,10,2020-10-01
Pintu Udara Lainnya,Oktober,181.0,Pintu Masuk Lainnya,2020,10,2020-10-01
B. Pintu Laut,Oktober,41370.0,Sub-Total,2020,10,2020-10-01
Batam,Oktober,427.0,Pintu Masuk,2020,10,2020-10-01
Tanjung Uban,Oktober,0.0,Pintu Masuk,2020,10,2020-10-01
Tanjung Pinang,Oktober,0.0,Pintu Masuk,2020,10,2020-10-01
Tanjung Balai Karimun,Oktober,0.0,Pintu Masuk,2020,10,2020-10-01
Tanjung Benoa,Oktober,56.0,Pintu Masuk,2020,10,2020-10-01
Tanjung Mas,Oktober,,Pintu Masuk,2020,10,2020-10-01
Pintu Laut Lainnya,Oktober,40887.0,Pintu Masuk Lainnya,2020,10,2020-10-01
C. Pintu Darat,Oktober,98643.0,Sub-Total,2020,10,2020-10-01
Jayapura,Oktober,0.0,Pintu Masuk,2020,10,2020-10-01
Atambua,Oktober,28.0,Pintu Masuk,2020,10,2020-10-01
Entikong,Oktober,23.0,Pintu Masuk,2020,10,2020-10-01
Aruk,Oktober,3.0,Pintu Masuk,2020,10,2020-10-01
Nanga Badau,Oktober,0.0,Pintu Masuk,2020,10,2020-10-01
Pintu Darat Lainnya,Oktober,98589.0,Pintu Masuk Lainnya,2020,10,2020-10-01
Jumlah (A+B+C),Oktober,152293.0,Grand Total,2020,10,2020-10-01
Lainnya,Oktober,,Pintu Masuk Lainnya,2020,10,2020-10-01
Total,Oktober,152293.0,Grand Total,2020,10,2020-10-01
A. Pintu Udara,November,16085.0,Sub-Total,2020,11,2020-11-01
Ngurah Rai,November,2.0,Pintu Masuk,2020,11,2020-11-01
Soekarno-Hatta,November,14309.0,Pintu Masuk,2020,11,2020-11-01
Juanda,November,69.0,Pintu Masuk,2020,11,2020-11-01
Kualanamu,November,44.0,Pintu Masuk,2020,11,2020-11-01
Husein Sastranegara,November,1.0,Pintu Masuk,2020,11,2020-11-01
Adi Sucipto,November,0.0,Pintu Masuk,2020,11,2020-11-01
Bandara Int. Lombok,November,1.0,Pintu Masuk,2020,11,2020-11-01
Sam Ratulangi,November,1577.0,Pintu Masuk,2020,11,2020-11-01
Minangkabau,November,0.0,Pintu Masuk,2020,11,2020-11-01
Sultan Syarif Kasim II,November,3.0,Pintu Masuk,2020,11,2020-11-01
Sultan Iskandar Muda,November,0.0,Pintu Masuk,2020,11,2020-11-01
Ahmad Yani,November,0.0,Pintu Masuk,2020,11,2020-11-01
Supadio,November,0.0,Pintu Masuk,2020,11,2020-11-01
Hasanuddin,November,1.0,Pintu Masuk,2020,11,2020-11-01
Sultan Badaruddin II,November,2.0,Pintu Masuk,2020,11,2020-11-01
Pintu Udara Lainnya,November,76.0,Pintu Masuk Lainnya,2020,11,2020-11-01
B. Pintu Laut,November,40970.0,Sub-Total,2020,11,2020-11-01
Batam,November,454.0,Pintu Masuk,2020,11,2020-11-01
Tanjung Uban,November,101.0,Pintu Masuk,2020,11,2020-11-01
Tanjung Pinang,November,0.0,Pintu Masuk,2020,11,2020-11-01
Tanjung Balai Karimun,November,1.0,Pintu Masuk,2020,11,2020-11-01
Tanjung Benoa,November,51.0,Pintu Masuk,2020,11,2020-11-01
Tanjung Mas,November,,Pintu Masuk,2020,11,2020-11-01
Pintu Laut Lainnya,November,40363.0,Pintu Masuk Lainnya,2020,11,2020-11-01
C. Pintu Darat,November,87421.0,Sub-Total,2020,11,2020-11-01
Jayapura,November,2.0,Pintu Masuk,2020,11,2020-11-01
Atambua,November,26.0,Pintu Masuk,2020,11,2020-11-01
Entikong,November,10.0,Pintu Masuk,2020,11,2020-11-01
Aruk,November,10.0,Pintu Masuk,2020,11,2020-11-01
Nanga Badau,November,2.0,Pintu Masuk,2020,11,2020-11-01
Pintu Darat Lainnya,November,87371.0,Pintu Masuk Lainnya,2020,11,2020-11-01
Jumlah (A+B+C),November,144476.0,Grand Total,2020,11,2020-11-01
Lainnya,November,,Pintu Masuk Lainnya,2020,11,2020-11-01
Total,November,144476.0,Grand Total,2020,11,2020-11-01
A. Pintu Udara,Desember,23599.0,Sub-Total,2020,12,2020-12-01
Ngurah Rai,Desember,127.0,Pintu Masuk,2020,12,2020-12-01
Soekarno-Hatta,Desember,21812.0,Pintu Masuk,2020,12,2020-12-01
Juanda,Desember,85.0,Pintu Masuk,2020,12,2020-12-01
Kualanamu,Desember,54.0,Pintu Masuk,2020,12,2020-12-01
Husein Sastranegara,Desember,0.0,Pintu Masuk,2020,12,2020-12-01
Adi Sucipto,Desember,0.0,Pintu Masuk,2020,12,2020-12-01
Bandara Int. Lombok,Desember,2.0,Pintu Masuk,2020,12,2020-12-01
Sam Ratulangi,Desember,1469.0,Pintu Masuk,2020,12,2020-12-01
Minangkabau,Desember,0.0,Pintu Masuk,2020,12,2020-12-01
Sultan Syarif Kasim II,Desember,0.0,Pintu Masuk,2020,12,2020-12-01
Sultan Iskandar Muda,Desember,0.0,Pintu Masuk,2020,12,2020-12-01
Ahmad Yani,Desember,0.0,Pintu Masuk,2020,12,2020-12-01
Supadio,Desember,0.0,Pintu Masuk,2020,12,2020-12-01
Hasanuddin,Desember,0.0,Pintu Masuk,2020,12,2020-12-01
Sultan Badaruddin II,Desember,0.0,Pintu Masuk,2020,12,2020-12-01
Pintu Udara Lainnya,Desember,50.0,Pintu Masuk Lainnya,2020,12,2020-12-01
B. Pintu Laut,Desember,44467.0,Sub-Total,2020,12,2020-12-01
Batam,Desember,471.0,Pintu Masuk,2020,12,2020-12-01
Tanjung Uban,Desember,71.0,Pintu Masuk,2020,12,2020-12-01
Tanjung Pinang,Desember,0.0,Pintu Masuk,2020,12,2020-12-01
Tanjung Balai Karimun,Desember,0.0,Pintu Masuk,2020,12,2020-12-01
Tanjung Benoa,Desember,23.0,Pintu Masuk,2020,12,2020-12-01
Tanjung Mas,Desember,,Pintu Masuk,2020,12,2020-12-01
Pintu Laut Lainnya,Desember,43902.0,Pintu Masuk Lainnya,2020,12,2020-12-01
C. Pintu Darat,Desember,96013.0,Sub-Total,2020,12,2020-12-01
Jayapura,Desember,1.0,Pintu Masuk,2020,12,2020-12-01
Atambua,Desember,13.0,Pintu Masuk,2020,12,2020-12-01
Entikong,Desember,5.0,Pintu Masuk,2020,12,2020-12-01
Aruk,Desember,4.0,Pintu Masuk,2020,12,2020-12-01
Nanga Badau,Desember,0.0,Pintu Masuk,2020,12,2020-12-01
Pintu Darat Lainnya,Desember,95990.0,Pintu Masuk Lainnya,2020,12,2020-12-01
Jumlah (A+B+C),Desember,164079.0,Grand Total,2020,12,2020-12-01
Lainnya,Desember,,Pintu Masuk Lainnya,2020,12,2020-12-01
Total,Desember,164079.0,Grand Total,2020,12,2020-12-01
A. Pintu Udara,Januari,1731.0,Sub-Total,2021,1,2021-01-01
Ngurah Rai,Januari,2.0,Pintu Masuk,2021,1,2021-01-01
Soekarno-Hatta,Januari,1238.0,Pintu Masuk,2021,1,2021-01-01
Juanda,Januari,20.0,Pintu Masuk,2021,1,2021-01-01
Kualanamu,Januari,11.0,Pintu Masuk,2021,1,2021-01-01
Husein Sastranegara,Januari,0.0,Pintu Masuk,2021,1,2021-01-01
Adi Sucipto,Januari,0.0,Pintu Masuk,2021,1,2021-01-01
Bandara Int. Lombok,Januari,1.0,Pintu Masuk,2021,1,2021-01-01
Sam Ratulangi,Januari,433.0,Pintu Masuk,2021,1,2021-01-01
Minangkabau,Januari,0.0,Pintu Masuk,2021,1,2021-01-01
Sultan Syarif Kasim II,Januari,1.0,Pintu Masuk,2021,1,2021-01-01
Sultan Iskandar Muda,Januari,0.0,Pintu Masuk,2021,1,2021-01-01
Ahmad Yani,Januari,0.0,Pintu Masuk,2021,1,2021-01-01
Supadio,Januari,0.0,Pintu Masuk,2021,1,2021-01-01
Hasanuddin,Januari,0.0,Pintu Masuk,2021,1,2021-01-01
Sultan Badaruddin II,Januari,0.0,Pintu Masuk,2021,1,2021-01-01
Pintu Udara Lainnya,Januari,25.0,Pintu Masuk Lainnya,2021,1,2021-01-01
B. Pintu Laut,Januari,37667.0,Sub-Total,2021,1,2021-01-01
Batam,Januari,260.0,Pintu Masuk,2021,1,2021-01-01
Tanjung Uban,Januari,0.0,Pintu Masuk,2021,1,2021-01-01
Tanjung Pinang,Januari,0.0,Pintu Masuk,2021,1,2021-01-01
Tanjung Balai Karimun,Januari,0.0,Pintu Masuk,2021,1,2021-01-01
Tanjung Benoa,Januari,8.0,Pintu Masuk,2021,1,2021-01-01
Tanjung Mas,Januari,,Pintu Masuk,2021,1,2021-01-01
Pintu Laut Lainnya,Januari,37399.0,Pintu Masuk Lainnya,2021,1,2021-01-01
C. Pintu Darat,Januari,87117.0,Sub-Total,2021,1,2021-01-01
Jayapura,Januari,2.0,Pintu Masuk,2021,1,2021-01-01
Atambua,Januari,4.0,Pintu Masuk,2021,1,2021-01-01
Entikong,Januari,6.0,Pintu Masuk,2021,1,2021-01-01
Aruk,Januari,3.0,Pintu Masuk,2021,1,2021-01-01
Nanga Badau,Januari,0.0,Pintu Masuk,2021,1,2021-01-01
Pintu Darat Lainnya,Januari,87102.0,Pintu Masuk Lainnya,2021,1,2021-01-01
Jumlah (A+B+C),Januari,126515.0,Grand Total,2021,1,2021-01-01
Lainnya,Januari,,Pintu Masuk Lainnya,2021,1,2021-01-01
Total,Januari,126515.0,Grand Total,2021,1,2021-01-01
A. Pintu Udara,Februari,7110.0,Sub-Total,2021,2,2021-02-01
Ngurah Rai,Februari,12.0,Pintu Masuk,2021,2,2021-02-01
Soekarno-Hatta,Februari,5958.0,Pintu Masuk,2021,2,2021-02-01
Juanda,Februari,69.0,Pintu Masuk,2021,2,2021-02-01
Kualanamu,Februari,17.0,Pintu Masuk,2021,2,2021-02-01
Husein Sastranegara,Februari,0.0,Pintu Masuk,2021,2,2021-02-01
Adi Sucipto,Februari,0.0,Pintu Masuk,2021,2,2021-02-01
Bandara Int. Lombok,Februari,0.0,Pintu Masuk,2021,2,2021-02-01
Sam Ratulangi,Februari,1027.0,Pintu Masuk,2021,2,2021-02-01
Minangkabau,Februari,0.0,Pintu Masuk,2021,2,2021-02-01
Sultan Syarif Kasim II,Februari,3.0,Pintu Masuk,2021,2,2021-02-01
Sultan Iskandar Muda,Februari,0.0,Pintu Masuk,2021,2,2021-02-01
Ahmad Yani,Februari,0.0,Pintu Masuk,2021,2,2021-02-01
Supadio,Februari,0.0,Pintu Masuk,2021,2,2021-02-01
Hasanuddin,Februari,0.0,Pintu Masuk,2021,2,2021-02-01
Sultan Badaruddin II,Februari,0.0,Pintu Masuk,2021,2,2021-02-01
Pintu Udara Lainnya,Februari,24.0,Pintu Masuk Lainnya,2021,2,2021-02-01
B. Pintu Laut,Februari,29300.0,Sub-Total,2021,2,2021-02-01
Batam,Februari,157.0,Pintu Masuk,2021,2,2021-02-01
Tanjung Uban,Februari,0.0,Pintu Masuk,2021,2,2021-02-01
Tanjung Pinang,Februari,0.0,Pintu Masuk,2021,2,2021-02-01
Tanjung Balai Karimun,Februari,15.0,Pintu Masuk,2021,2,2021-02-01
Tanjung Benoa,Februari,0.0,Pintu Masuk,2021,2,2021-02-01
Tanjung Mas,Februari,,Pintu Masuk,2021,2,2021-02-01
Pintu Laut Lainnya,Februari,29128.0,Pintu Masuk Lainnya,2021,2,2021-02-01
C. Pintu Darat,Februari,69378.0,Sub-Total,2021,2,2021-02-01
Jayapura,Februari,2.0,Pintu Masuk,2021,2,2021-02-01
Atambua,Februari,26.0,Pintu Masuk,2021,2,2021-02-01
Entikong,Februari,11.0,Pintu Masuk,2021,2,2021-02-01
Aruk,Februari,2.0,Pintu Masuk,2021,2,2021-02-01
Nanga Badau,Februari,0.0,Pintu Masuk,2021,2,2021-02-01
Pintu Darat Lainnya,Februari,69337.0,Pintu Masuk Lainnya,2021,2,2021-02-01
Jumlah (A+B+C),Februari,105788.0,Grand Total,2021,2,2021-02-01
Lainnya,Februari,,Pintu Masuk Lainnya,2021,2,2021-02-01
Total,Februari,105788.0,Grand Total,2021,2,2021-02-01
A. Pintu Udara,Maret,12852.0,Sub-Total,2021,3,2021-03-01
Ngurah Rai,Maret,3.0,Pintu Masuk,2021,3,2021-03-01
Soekarno-Hatta,Maret,10188.0,Pintu Masuk,2021,3,2021-03-01
Juanda,Maret,52.0,Pintu Masuk,2021,3,2021-03-01
Kualanamu,Maret,45.0,Pintu Masuk,2021,3,2021-03-01
Husein Sastranegara,Maret,0.0,Pintu Masuk,2021,3,2021-03-01
Adi Sucipto,Maret,0.0,Pintu Masuk,2021,3,2021-03-01
Bandara Int. Lombok,Maret,2.0,Pintu Masuk,2021,3,2021-03-01
Sam Ratulangi,Maret,2513.0,Pintu Masuk,2021,3,2021-03-01
Minangkabau,Maret,0.0,Pintu Masuk,2021,3,2021-03-01
Sultan Syarif Kasim II,Maret,8.0,Pintu Masuk,2021,3,2021-03-01
Sultan Iskandar Muda,Maret,0.0,Pintu Masuk,2021,3,2021-03-01
Ahmad Yani,Maret,2.0,Pintu Masuk,2021,3,2021-03-01
Supadio,Maret,0.0,Pintu Masuk,2021,3,2021-03-01
Hasanuddin,Maret,0.0,Pintu Masuk,2021,3,2021-03-01
Sultan Badaruddin II,Maret,0.0,Pintu Masuk,2021,3,2021-03-01
Pintu Udara Lainnya,Maret,39.0,Pintu Masuk Lainnya,2021,3,2021-03-01
B. Pintu Laut,Maret,35317.0,Sub-Total,2021,3,2021-03-01
Batam,Maret,343.0,Pintu Masuk,2021,3,2021-03-01
Tanjung Uban,Maret,81.0,Pintu Masuk,2021,3,2021-03-01
Tanjung Pinang,Maret,0.0,Pintu Masuk,2021,3,2021-03-01
Tanjung Balai Karimun,Maret,0.0,Pintu Masuk,2021,3,2021-03-01
Tanjung Benoa,Maret,0.0,Pintu Masuk,2021,3,2021-03-01
Tanjung Mas,Maret,,Pintu Masuk,2021,3,2021-03-01
Pintu Laut Lainnya,Maret,34893.0,Pintu Masuk Lainnya,2021,3,2021-03-01
C. Pintu Darat,Maret,71810.0,Sub-Total,2021,3,2021-03-01
Jayapura,Maret,0.0,Pintu Masuk,2021,3,2021-03-01
Atambua,Maret,0.0,Pintu Masuk,2021,3,2021-03-01
Entikong,Maret,14.0,Pintu Masuk,2021,3,2021-03-01
Aruk,Maret,13.0,Pintu Masuk,2021,3,2021-03-01
Nanga Badau,Maret,0.0,Pintu Masuk,2021,3,2021-03-01
Pintu Darat Lainnya,Maret,71783.0,Pintu Masuk Lainnya,2021,3,2021-03-01
Jumlah (A+B+C),Maret,119979.0,Grand Total,2021,3,2021-03-01
Lainnya,Maret,,Pintu Masuk Lainnya,2021,3,2021-03-01
Total,Maret,119979.0,Grand Total,2021,3,2021-03-01
A. Pintu Udara,April,18326.0,Sub-Total,2021,4,2021-04-01
Ngurah Rai,April,9.0,Pintu Masuk,2021,4,2021-04-01
Soekarno-Hatta,April,15471.0,Pintu Masuk,2021,4,2021-04-01
Juanda,April,106.0,Pintu Masuk,2021,4,2021-04-01
Kualanamu,April,22.0,Pintu Masuk,2021,4,2021-04-01
Husein Sastranegara,April,0.0,Pintu Masuk,2021,4,2021-04-01
Adi Sucipto,April,0.0,Pintu Masuk,2021,4,2021-04-01
Bandara Int. Lombok,April,0.0,Pintu Masuk,2021,4,2021-04-01
Sam Ratulangi,April,2685.0,Pintu Masuk,2021,4,2021-04-01
Minangkabau,April,0.0,Pintu Masuk,2021,4,2021-04-01
Sultan Syarif Kasim II,April,1.0,Pintu Masuk,2021,4,2021-04-01
Sultan Iskandar Muda,April,1.0,Pintu Masuk,2021,4,2021-04-01
Ahmad Yani,April,2.0,Pintu Masuk,2021,4,2021-04-01
Supadio,April,0.0,Pintu Masuk,2021,4,2021-04-01
Hasanuddin,April,0.0,Pintu Masuk,2021,4,2021-04-01
Sultan Badaruddin II,April,0.0,Pintu Masuk,2021,4,2021-04-01
Pintu Udara Lainnya,April,29.0,Pintu Masuk Lainnya,2021,4,2021-04-01
B. Pintu Laut,April,30918.0,Sub-Total,2021,4,2021-04-01
Batam,April,191.0,Pintu Masuk,2021,4,2021-04-01
Tanjung Uban,April,10.0,Pintu Masuk,2021,4,2021-04-01
Tanjung Pinang,April,0.0,Pintu Masuk,2021,4,2021-04-01
Tanjung Balai Karimun,April,0.0,Pintu Masuk,2021,4,2021-04-01
Tanjung Benoa,April,0.0,Pintu Masuk,2021,4,2021-04-01
Tanjung Mas,April,,Pintu Masuk,2021,4,2021-04-01
Pintu Laut Lainnya,April,30717.0,Pintu Masuk Lainnya,2021,4,2021-04-01
C. Pintu Darat,April,63512.0,Sub-Total,2021,4,2021-04-01
Jayapura,April,3.0,Pintu Masuk,2021,4,2021-04-01
Atambua,April,3.0,Pintu Masuk,2021,4,2021-04-01
Entikong,April,2.0,Pintu Masuk,2021,4,2021-04-01
Aruk,April,1.0,Pintu Masuk,2021,4,2021-04-01
Nanga Badau,April,0.0,Pintu Masuk,2021,4,2021-04-01
Pintu Darat Lainnya,April,63503.0,Pintu Masuk Lainnya,2021,4,2021-04-01
Jumlah (A+B+C),April,112756.0,Grand Total,2021,4,2021-04-01
Lainnya,April,,Pintu Masuk Lainnya,2021,4,2021-04-01
Total,April,112756.0,Grand Total,2021,4,2021-04-01
A. Pintu Udara,Mei,14040.0,Sub-Total,2021,5,2021-05-01
Ngurah Rai,Mei,8.0,Pintu Masuk,2021,5,2021-05-01
Soekarno-Hatta,Mei,12775.0,Pintu Masuk,2021,5,2021-05-01
Juanda,Mei,160.0,Pintu Masuk,2021,5,2021-05-01
Kualanamu,Mei,50.0,Pintu Masuk,2021,5,2021-05-01
Husein Sastranegara,Mei,1.0,Pintu Masuk,2021,5,2021-05-01
Adi Sucipto,Mei,0.0,Pintu Masuk,2021,5,2021-05-01
Bandara Int. Lombok,Mei,0.0,Pintu Masuk,2021,5,2021-05-01
Sam Ratulangi,Mei,1015.0,Pintu Masuk,2021,5,2021-05-01
Minangkabau,Mei,0.0,Pintu Masuk,2021,5,2021-05-01
Sultan Syarif Kasim II,Mei,0.0,Pintu Masuk,2021,5,2021-05-01
Sultan Iskandar Muda,Mei,4.0,Pintu Masuk,2021,5,2021-05-01
Ahmad Yani,Mei,1.0,Pintu Masuk,2021,5,2021-05-01
Supadio,Mei,0.0,Pintu Masuk,2021,5,2021-05-01
Hasanuddin,Mei,0.0,Pintu Masuk,2021,5,2021-05-01
Sultan Badaruddin II,Mei,0.0,Pintu Masuk,2021,5,2021-05-01
Pintu Udara Lainnya,Mei,26.0,Pintu Masuk Lainnya,2021,5,2021-05-01
B. Pintu Laut,Mei,39720.0,Sub-Total,2021,5,2021-05-01
Batam,Mei,245.0,Pintu Masuk,2021,5,2021-05-01
Tanjung Uban,Mei,20.0,Pintu Masuk,2021,5,2021-05-01
Tanjung Pinang,Mei,0.0,Pintu Masuk,2021,5,2021-05-01
Tanjung Balai Karimun,Mei,0.0,Pintu Masuk,2021,5,2021-05-01
Tanjung Benoa,Mei,0.0,Pintu Masuk,2021,5,2021-05-01
Tanjung Mas,Mei,,Pintu Masuk,2021,5,2021-05-01
Pintu Laut Lainnya,Mei,39455.0,Pintu Masuk Lainnya,2021,5,2021-05-01
C. Pintu Darat,Mei,85673.0,Sub-Total,2021,5,2021-05-01
Jayapura,Mei,0.0,Pintu Masuk,2021,5,2021-05-01
Atambua,Mei,13.0,Pintu Masuk,2021,5,2021-05-01
Entikong,Mei,0.0,Pintu Masuk,2021,5,2021-05-01
Aruk,Mei,1.0,Pintu Masuk,2021,5,2021-05-01
Nanga Badau,Mei,0.0,Pintu Masuk,2021,5,2021-05-01
Pintu Darat Lainnya,Mei,85659.0,Pintu Masuk Lainnya,2021,5,2021-05-01
Jumlah (A+B+C),Mei,139433.0,Grand Total,2021,5,2021-05-01
Lainnya,Mei,,Pintu Masuk Lainnya,2021,5,2021-05-01
Total,Mei,139433.0,Grand Total,2021,5,2021-05-01
A. Pintu Udara,Juni,16234.0,Sub-Total,2021,6,2021-06-01
Ngurah Rai,Juni,1.0,Pintu Masuk,2021,6,2021-06-01
Soekarno-Hatta,Juni,13448.0,Pintu Masuk,2021,6,2021-06-01
Juanda,Juni,181.0,Pintu Masuk,2021,6,2021-06-01
Kualanamu,Juni,38.0,Pintu Masuk,2021,6,2021-06-01
Husein Sastranegara,Juni,0.0,Pintu Masuk,2021,6,2021-06-01
Adi Sucipto,Juni,0.0,Pintu Masuk,2021,6,2021-06-01
Bandara Int. Lombok,Juni,0.0,Pintu Masuk,2021,6,2021-06-01
Sam Ratulangi,Juni,2435.0,Pintu Masuk,2021,6,2021-06-01
Minangkabau,Juni,0.0,Pintu Masuk,2021,6,2021-06-01
Sultan Syarif Kasim II,Juni,88.0,Pintu Masuk,2021,6,2021-06-01
Sultan Iskandar Muda,Juni,3.0,Pintu Masuk,2021,6,2021-06-01
Ahmad Yani,Juni,3.0,Pintu Masuk,2021,6,2021-06-01
Supadio,Juni,0.0,Pintu Masuk,2021,6,2021-06-01
Hasanuddin,Juni,0.0,Pintu Masuk,2021,6,2021-06-01
Sultan Badaruddin II,Juni,0.0,Pintu Masuk,2021,6,2021-06-01
Pintu Udara Lainnya,Juni,37.0,Pintu Masuk Lainnya,2021,6,2021-06-01
B. Pintu Laut,Juni,29929.0,Sub-Total,2021,6,2021-06-01
Batam,Juni,250.0,Pintu Masuk,2021,6,2021-06-01
Tanjung Uban,Juni,20.0,Pintu Masuk,2021,6,2021-06-01
Tanjung Pinang,Juni,0.0,Pintu Masuk,2021,6,2021-06-01
Tanjung Balai Karimun,Juni,0.0,Pintu Masuk,2021,6,2021-06-01
Tanjung Benoa,Juni,0.0,Pintu Masuk,2021,6,2021-06-01
Tanjung Mas,Juni,,Pintu Masuk,2021,6,2021-06-01
Pintu Laut Lainnya,Juni,29659.0,Pintu Masuk Lainnya,2021,6,2021-06-01
C. Pintu Darat,Juni,80681.0,Sub-Total,2021,6,2021-06-01
Jayapura,Juni,0.0,Pintu Masuk,2021,6,2021-06-01
Atambua,Juni,152.0,Pintu Masuk,2021,6,2021-06-01
Entikong,Juni,0.0,Pintu Masuk,2021,6,2021-06-01
Aruk,Juni,0.0,Pintu Masuk,2021,6,2021-06-01
Nanga Badau,Juni,0.0,Pintu Masuk,2021,6,2021-06-01
Pintu Darat Lainnya,Juni,80529.0,Pintu Masuk Lainnya,2021,6,2021-06-01
Jumlah (A+B+C),Juni,126844.0,Grand Total,2021,6,2021-06-01
Lainnya,Juni,,Pintu Masuk Lainnya,2021,6,2021-06-01
Total,Juni,126844.0,Grand Total,2021,6,2021-06-01
A. Pintu Udara,Juli,7175.0,Sub-Total,2021,7,2021-07-01
Ngurah Rai,Juli,0.0,Pintu Masuk,2021,7,2021-07-01
Soekarno-Hatta,Juli,5466.0,Pintu Masuk,2021,7,2021-07-01
Juanda,Juli,52.0,Pintu Masuk,2021,7,2021-07-01
Kualanamu,Juli,28.0,Pintu Masuk,2021,7,2021-07-01
Husein Sastranegara,Juli,0.0,Pintu Masuk,2021,7,2021-07-01
Adi Sucipto,Juli,0.0,Pintu Masuk,2021,7,2021-07-01
Bandara Int. Lombok,Juli,0.0,Pintu Masuk,2021,7,2021-07-01
Sam Ratulangi,Juli,695.0,Pintu Masuk,2021,7,2021-07-01
Minangkabau,Juli,0.0,Pintu Masuk,2021,7,2021-07-01
Sultan Syarif Kasim II,Juli,0.0,Pintu Masuk,2021,7,2021-07-01
Sultan Iskandar Muda,Juli,1.0,Pintu Masuk,2021,7,2021-07-01
Ahmad Yani,Juli,0.0,Pintu Masuk,2021,7,2021-07-01
Supadio,Juli,0.0,Pintu Masuk,2021,7,2021-07-01
Hasanuddin,Juli,0.0,Pintu Masuk,2021,7,2021-07-01
Sultan Badaruddin II,Juli,804.0,Pintu Masuk,2021,7,2021-07-01
Pintu Udara Lainnya,Juli,129.0,Pintu Masuk Lainnya,2021,7,2021-07-01
B. Pintu Laut,Juli,35511.0,Sub-Total,2021,7,2021-07-01
Batam,Juli,153.0,Pintu Masuk,2021,7,2021-07-01
Tanjung Uban,Juli,0.0,Pintu Masuk,2021,7,2021-07-01
Tanjung Pinang,Juli,0.0,Pintu Masuk,2021,7,2021-07-01
Tanjung Balai Karimun,Juli,0.0,Pintu Masuk,2021,7,2021-07-01
Tanjung Benoa,Juli,0.0,Pintu Masuk,2021,7,2021-07-01
Tanjung Mas,Juli,,Pintu Masuk,2021,7,2021-07-01
Pintu Laut Lainnya,Juli,35358.0,Pintu Masuk Lainnya,2021,7,2021-07-01
C. Pintu Darat,Juli,84563.0,Sub-Total,2021,7,2021-07-01
Jayapura,Juli,0.0,Pintu Masuk,2021,7,2021-07-01
Atambua,Juli,12.0,Pintu Masuk,2021,7,2021-07-01
Entikong,Juli,1.0,Pintu Masuk,2021,7,2021-07-01
Aruk,Juli,1.0,Pintu Masuk,2021,7,2021-07-01
Nanga Badau,Juli,0.0,Pintu Masuk,2021,7,2021-07-01
Pintu Darat Lainnya,Juli,84549.0,Pintu Masuk Lainnya,2021,7,2021-07-01
Jumlah (A+B+C),Juli,127249.0,Grand Total,2021,7,2021-07-01
Lainnya,Juli,,Pintu Masuk Lainnya,2021,7,2021-07-01
Total,Juli,127249.0,Grand Total,2021,7,2021-07-01
A. Pintu Udara,Agustus,1609.0,Sub-Total,2021,8,2021-08-01
Ngurah Rai,Agustus,0.0,Pintu Masuk,2021,8,2021-08-01
Soekarno-Hatta,Agustus,1071.0,Pintu Masuk,2021,8,2021-08-01
Juanda,Agustus,10.0,Pintu Masuk,2021,8,2021-08-01
Kualanamu,Agustus,4.0,Pintu Masuk,2021,8,2021-08-01
Husein Sastranegara,Agustus,0.0,Pintu Masuk,2021,8,2021-08-01
Adi Sucipto,Agustus,0.0,Pintu Masuk,2021,8,2021-08-01
Bandara Int. Lombok,Agustus,26.0,Pintu Masuk,2021,8,2021-08-01
Sam Ratulangi,Agustus,5.0,Pintu Masuk,2021,8,2021-08-01
Minangkabau,Agustus,0.0,Pintu Masuk,2021,8,2021-08-01
Sultan Syarif Kasim II,Agustus,0.0,Pintu Masuk,2021,8,2021-08-01
Sultan Iskandar Muda,Agustus,0.0,Pintu Masuk,2021,8,2021-08-01
Ahmad Yani,Agustus,0.0,Pintu Masuk,2021,8,2021-08-01
Supadio,Agustus,0.0,Pintu Masuk,2021,8,2021-08-01
Hasanuddin,Agustus,0.0,Pintu Masuk,2021,8,2021-08-01
Sultan Badaruddin II,Agustus,477.0,Pintu Masuk,2021,8,2021-08-01
Pintu Udara Lainnya,Agustus,16.0,Pintu Masuk Lainnya,2021,8,2021-08-01
B. Pintu Laut,Agustus,33497.0,Sub-Total,2021,8,2021-08-01
Batam,Agustus,149.0,Pintu Masuk,2021,8,2021-08-01
Tanjung Uban,Agustus,0.0,Pintu Masuk,2021,8,2021-08-01
Tanjung Pinang,Agustus,0.0,Pintu Masuk,2021,8,2021-08-01
Tanjung Balai Karimun,Agustus,0.0,Pintu Masuk,2021,8,2021-08-01
Tanjung Benoa,Agustus,0.0,Pintu Masuk,2021,8,2021-08-01
Tanjung Mas,Agustus,,Pintu Masuk,2021,8,2021-08-01
Pintu Laut Lainnya,Agustus,33348.0,Pintu Masuk Lainnya,2021,8,2021-08-01
C. Pintu Darat,Agustus,83427.0,Sub-Total,2021,8,2021-08-01
Jayapura,Agustus,0.0,Pintu Masuk,2021,8,2021-08-01
Atambua,Agustus,12.0,Pintu Masuk,2021,8,2021-08-01
Entikong,Agustus,0.0,Pintu Masuk,2021,8,2021-08-01
Aruk,Agustus,0.0,Pintu Masuk,2021,8,2021-08-01
Nanga Badau,Agustus,0.0,Pintu Masuk,2021,8,2021-08-01
Pintu Darat Lainnya,Agustus,83415.0,Pintu Masuk Lainnya,2021,8,2021-08-01
Jumlah (A+B+C),Agustus,118533.0,Grand Total,2021,8,2021-08-01
Lainnya,Agustus,,Pintu Masuk Lainnya,2021,8,2021-08-01
Total,Agustus,118533.0,Grand Total,2021,8,2021-08-01
A. Pintu Udara,September,4748.0,Sub-Total,2021,9,2021-09-01
Ngurah Rai,September,0.0,Pintu Masuk,2021,9,2021-09-01
Soekarno-Hatta,September,4081.0,Pintu Masuk,2021,9,2021-09-01
Juanda,September,2.0,Pintu Masuk,2021,9,2021-09-01
Kualanamu,September,3.0,Pintu Masuk,2021,9,2021-09-01
Husein Sastranegara,September,0.0,Pintu Masuk,2021,9,2021-09-01
Adi Sucipto,September,0.0,Pintu Masuk,2021,9,2021-09-01
Bandara Int. Lombok,September,0.0,Pintu Masuk,2021,9,2021-09-01
Sam Ratulangi,September,593.0,Pintu Masuk,2021,9,2021-09-01
Minangkabau,September,0.0,Pintu Masuk,2021,9,2021-09-01
Sultan Syarif Kasim II,September,0.0,Pintu Masuk,2021,9,2021-09-01
Sultan Iskandar Muda,September,0.0,Pintu Masuk,2021,9,2021-09-01
Ahmad Yani,September,0.0,Pintu Masuk,2021,9,2021-09-01
Supadio,September,0.0,Pintu Masuk,2021,9,2021-09-01
Hasanuddin,September,0.0,Pintu Masuk,2021,9,2021-09-01
Sultan Badaruddin II,September,0.0,Pintu Masuk,2021,9,2021-09-01
Pintu Udara Lainnya,September,69.0,Pintu Masuk Lainnya,2021,9,2021-09-01
B. Pintu Laut,September,33397.0,Sub-Total,2021,9,2021-09-01
Batam,September,129.0,Pintu Masuk,2021,9,2021-09-01
Tanjung Uban,September,0.0,Pintu Masuk,2021,9,2021-09-01
Tanjung Pinang,September,0.0,Pintu Masuk,2021,9,2021-09-01
Tanjung Balai Karimun,September,0.0,Pintu Masuk,2021,9,2021-09-01
Tanjung Benoa,September,0.0,Pintu Masuk,2021,9,2021-09-01
Tanjung Mas,September,,Pintu Masuk,2021,9,2021-09-01
Pintu Laut Lainnya,September,33268.0,Pintu Masuk Lainnya,2021,9,2021-09-01
C. Pintu Darat,September,81955.0,Sub-Total,2021,9,2021-09-01
Jayapura,September,3.0,Pintu Masuk,2021,9,2021-09-01
Atambua,September,73.0,Pintu Masuk,2021,9,2021-09-01
Entikong,September,0.0,Pintu Masuk,2021,9,2021-09-01
Aruk,September,0.0,Pintu Masuk,2021,9,2021-09-01
Nanga Badau,September,0.0,Pintu Masuk,2021,9,2021-09-01
Pintu Darat Lainnya,September,81879.0,Pintu Masuk Lainnya,2021,9,2021-09-01
Jumlah (A+B+C),September,120100.0,Grand Total,2021,9,2021-09-01
Lainnya,September,,Pintu Masuk Lainnya,2021,9,2021-09-01
Total,September,120100.0,Grand Total,2021,9,2021-09-01
A. Pintu Udara,Oktober,15722.0,Sub-Total,2021,10,2021-10-01
Ngurah Rai,Oktober,2.0,Pintu Masuk,2021,10,2021-10-01
Soekarno-Hatta,Oktober,13700.0,Pintu Masuk,2021,10,2021-10-01
Juanda,Oktober,37.0,Pintu Masuk,2021,10,2021-10-01
Kualanamu,Oktober,0.0,Pintu Masuk,2021,10,2021-10-01
Husein Sastranegara,Oktober,0.0,Pintu Masuk,2021,10,2021-10-01
Adi Sucipto,Oktober,0.0,Pintu Masuk,2021,10,2021-10-01
Bandara Int. Lombok,Oktober,0.0,Pintu Masuk,2021,10,2021-10-01
Sam Ratulangi,Oktober,1952.0,Pintu Masuk,2021,10,2021-10-01
Minangkabau,Oktober,0.0,Pintu Masuk,2021,10,2021-10-01
Sultan Syarif Kasim II,Oktober,0.0,Pintu Masuk,2021,10,2021-10-01
Sultan Iskandar Muda,Oktober,0.0,Pintu Masuk,2021,10,2021-10-01
Ahmad Yani,Oktober,0.0,Pintu Masuk,2021,10,2021-10-01
Supadio,Oktober,0.0,Pintu Masuk,2021,10,2021-10-01
Hasanuddin,Oktober,0.0,Pintu Masuk,2021,10,2021-10-01
Sultan Badaruddin II,Oktober,0.0,Pintu Masuk,2021,10,2021-10-01
Pintu Udara Lainnya,Oktober,31.0,Pintu Masuk Lainnya,2021,10,2021-10-01
B. Pintu Laut,Oktober,38245.0,Sub-Total,2021,10,2021-10-01
Batam,Oktober,158.0,Pintu Masuk,2021,10,2021-10-01
Tanjung Uban,Oktober,0.0,Pintu Masuk,2021,10,2021-10-01
Tanjung Pinang,Oktober,0.0,Pintu Masuk,2021,10,2021-10-01
Tanjung Balai Karimun,Oktober,0.0,Pintu Masuk,2021,10,2021-10-01
Tanjung Benoa,Oktober,0.0,Pintu Masuk,2021,10,2021-10-01
Tanjung Mas,Oktober,,Pintu Masuk,2021,10,2021-10-01
Pintu Laut Lainnya,Oktober,38087.0,Pintu Masuk Lainnya,2021,10,2021-10-01
C. Pintu Darat,Oktober,92170.0,Sub-Total,2021,10,2021-10-01
Jayapura,Oktober,0.0,Pintu Masuk,2021,10,2021-10-01
Atambua,Oktober,64.0,Pintu Masuk,2021,10,2021-10-01
Entikong,Oktober,0.0,Pintu Masuk,2021,10,2021-10-01
Aruk,Oktober,1.0,Pintu Masuk,2021,10,2021-10-01
Nanga Badau,Oktober,0.0,Pintu Masuk,2021,10,2021-10-01
Pintu Darat Lainnya,Oktober,92105.0,Pintu Masuk Lainnya,2021,10,2021-10-01
Jumlah (A+B+C),Oktober,146137.0,Grand Total,2021,10,2021-10-01
Lainnya,Oktober,,Pintu Masuk Lainnya,2021,10,2021-10-01
Total,Oktober,146137.0,Grand Total,2021,10,2021-10-01
A. Pintu Udara,November,19909.0,Sub-Total,2021,11,2021-11-01
Ngurah Rai,November,6.0,Pintu Masuk,2021,11,2021-11-01
Soekarno-Hatta,November,18971.0,Pintu Masuk,2021,11,2021-11-01
Juanda,November,0.0,Pintu Masuk,2021,11,2021-11-01
Kualanamu,November,0.0,Pintu Masuk,2021,11,2021-11-01
Husein Sastranegara,November,6.0,Pintu Masuk,2021,11,2021-11-01
Adi Sucipto,November,0.0,Pintu Masuk,2021,11,2021-11-01
Bandara Int. Lombok,November,0.0,Pintu Masuk,2021,11,2021-11-01
Sam Ratulangi,November,851.0,Pintu Masuk,2021,11,2021-11-01
Minangkabau,November,0.0,Pintu Masuk,2021,11,2021-11-01
Sultan Syarif Kasim II,November,0.0,Pintu Masuk,2021,11,2021-11-01
Sultan Iskandar Muda,November,0.0,Pintu Masuk,2021,11,2021-11-01
Ahmad Yani,November,0.0,Pintu Masuk,2021,11,2021-11-01
Supadio,November,0.0,Pintu Masuk,2021,11,2021-11-01
Hasanuddin,November,0.0,Pintu Masuk,2021,11,2021-11-01
Sultan Badaruddin II,November,0.0,Pintu Masuk,2021,11,2021-11-01
Pintu Udara Lainnya,November,75.0,Pintu Masuk Lainnya,2021,11,2021-11-01
B. Pintu Laut,November,32741.0,Sub-Total,2021,11,2021-11-01
Batam,November,234.0,Pintu Masuk,2021,11,2021-11-01
Tanjung Uban,November,51.0,Pintu Masuk,2021,11,2021-11-01
Tanjung Pinang,November,0.0,Pintu Masuk,2021,11,2021-11-01
Tanjung Balai Karimun,November,0.0,Pintu Masuk,2021,11,2021-11-01
Tanjung Benoa,November,0.0,Pintu Masuk,2021,11,2021-11-01
Tanjung Mas,November,,Pintu Masuk,2021,11,2021-11-01
Pintu Laut Lainnya,November,32456.0,Pintu Masuk Lainnya,2021,11,2021-11-01
C. Pintu Darat,November,97927.0,Sub-Total,2021,11,2021-11-01
Jayapura,November,0.0,Pintu Masuk,2021,11,2021-11-01
Atambua,November,142.0,Pintu Masuk,2021,11,2021-11-01
Entikong,November,2.0,Pintu Masuk,2021,11,2021-11-01
Aruk,November,3.0,Pintu Masuk,2021,11,2021-11-01
Nanga Badau,November,0.0,Pintu Masuk,2021,11,2021-11-01
Pintu Darat Lainnya,November,97780.0,Pintu Masuk Lainnya,2021,11,2021-11-01
Jumlah (A+B+C),November,150577.0,Grand Total,2021,11,2021-11-01
Lainnya,November,,Pintu Masuk Lainnya,2021,11,2021-11-01
Total,November,150577.0,Grand Total,2021,11,2021-11-01
A. Pintu Udara,Desember,17786.0,Sub-Total,2021,12,2021-12-01
Ngurah Rai,Desember,0.0,Pintu Masuk,2021,12,2021-12-01
Soekarno-Hatta,Desember,16696.0,Pintu Masuk,2021,12,2021-12-01
Juanda,Desember,0.0,Pintu Masuk,2021,12,2021-12-01
Kualanamu,Desember,0.0,Pintu Masuk,2021,12,2021-12-01
Husein Sastranegara,Desember,0.0,Pintu Masuk,2021,12,2021-12-01
Adi Sucipto,Desember,0.0,Pintu Masuk,2021,12,2021-12-01
Bandara Int. Lombok,Desember,0.0,Pintu Masuk,2021,12,2021-12-01
Sam Ratulangi,Desember,1035.0,Pintu Masuk,2021,12,2021-12-01
Minangkabau,Desember,0.0,Pintu Masuk,2021,12,2021-12-01
Sultan Syarif Kasim II,Desember,0.0,Pintu Masuk,2021,12,2021-12-01
Sultan Iskandar Muda,Desember,2.0,Pintu Masuk,2021,12,2021-12-01
Ahmad Yani,Desember,0.0,Pintu Masuk,2021,12,2021-12-01
Supadio,Desember,0.0,Pintu Masuk,2021,12,2021-12-01
Hasanuddin,Desember,0.0,Pintu Masuk,2021,12,2021-12-01
Sultan Badaruddin II,Desember,0.0,Pintu Masuk,2021,12,2021-12-01
Pintu Udara Lainnya,Desember,53.0,Pintu Masuk Lainnya,2021,12,2021-12-01
B. Pintu Laut,Desember,39230.0,Sub-Total,2021,12,2021-12-01
Batam,Desember,313.0,Pintu Masuk,2021,12,2021-12-01
Tanjung Uban,Desember,77.0,Pintu Masuk,2021,12,2021-12-01
Tanjung Pinang,Desember,154.0,Pintu Masuk,2021,12,2021-12-01
Tanjung Balai Karimun,Desember,0.0,Pintu Masuk,2021,12,2021-12-01
Tanjung Benoa,Desember,0.0,Pintu Masuk,2021,12,2021-12-01
Tanjung Mas,Desember,,Pintu Masuk,2021,12,2021-12-01
Pintu Laut Lainnya,Desember,38686.0,Pintu Masuk Lainnya,2021,12,2021-12-01
C. Pintu Darat,Desember,106603.0,Sub-Total,2021,12,2021-12-01
Jayapura,Desember,3.0,Pintu Masuk,2021,12,2021-12-01
Atambua,Desember,184.0,Pintu Masuk,2021,12,2021-12-01
Entikong,Desember,10.0,Pintu Masuk,2021,12,2021-12-01
Aruk,Desember,2.0,Pintu Masuk,2021,12,2021-12-01
Nanga Badau,Desember,0.0,Pintu Masuk,2021,12,2021-12-01
Pintu Darat Lainnya,Desember,106404.0,Pintu Masuk Lainnya,2021,12,2021-12-01
Jumlah (A+B+C),Desember,163619.0,Grand Total,2021,12,2021-12-01
Lainnya,Desember,,Pintu Masuk Lainnya,2021,12,2021-12-01
Total,Desember,163619.0,Grand Total,2021,12,2021-12-01
A. Pintu Udara,Januari,14555.0,Sub-Total,2022,1,2022-01-01
Ngurah Rai,Januari,0.0,Pintu Masuk,2022,1,2022-01-01
Soekarno-Hatta,Januari,14073.0,Pintu Masuk,2022,1,2022-01-01
Juanda,Januari,0.0,Pintu Masuk,2022,1,2022-01-01
Kualanamu,Januari,0.0,Pintu Masuk,2022,1,2022-01-01
Husein Sastranegara,Januari,0.0,Pintu Masuk,2022,1,2022-01-01
Adi Sucipto,Januari,0.0,Pintu Masuk,2022,1,2022-01-01
Bandara Int. Lombok,Januari,0.0,Pintu Masuk,2022,1,2022-01-01
Sam Ratulangi,Januari,466.0,Pintu Masuk,2022,1,2022-01-01
Minangkabau,Januari,0.0,Pintu Masuk,2022,1,2022-01-01
Sultan Syarif Kasim II,Januari,0.0,Pintu Masuk,2022,1,2022-01-01
Sultan Iskandar Muda,Januari,0.0,Pintu Masuk,2022,1,2022-01-01
Ahmad Yani,Januari,0.0,Pintu Masuk,2022,1,2022-01-01
Supadio,Januari,0.0,Pintu Masuk,2022,1,2022-01-01
Hasanuddin,Januari,0.0,Pintu Masuk,2022,1,2022-01-01
Sultan Badaruddin II,Januari,0.0,Pintu Masuk,2022,1,2022-01-01
Pintu Udara Lainnya,Januari,16.0,Pintu Masuk Lainnya,2022,1,2022-01-01
B. Pintu Laut,Januari,58442.0,Sub-Total,2022,1,2022-01-01
Batam,Januari,240.0,Pintu Masuk,2022,1,2022-01-01
Tanjung Uban,Januari,88.0,Pintu Masuk,2022,1,2022-01-01
Tanjung Pinang,Januari,0.0,Pintu Masuk,2022,1,2022-01-01
Tanjung Balai Karimun,Januari,0.0,Pintu Masuk,2022,1,2022-01-01
Tanjung Benoa,Januari,3.0,Pintu Masuk,2022,1,2022-01-01
Tanjung Mas,Januari,,Pintu Masuk,2022,1,2022-01-01
Pintu Laut Lainnya,Januari,58111.0,Pintu Masuk Lainnya,2022,1,2022-01-01
C. Pintu Darat,Januari,63301.0,Sub-Total,2022,1,2022-01-01
Jayapura,Januari,0.0,Pintu Masuk,2022,1,2022-01-01
Atambua,Januari,234.0,Pintu Masuk,2022,1,2022-01-01
Entikong,Januari,0.0,Pintu Masuk,2022,1,2022-01-01
Aruk,Januari,0.0,Pintu Masuk,2022,1,2022-01-01
Nanga Badau,Januari,0.0,Pintu Masuk,2022,1,2022-01-01
Pintu Darat Lainnya,Januari,63067.0,Pintu Masuk Lainnya,2022,1,2022-01-01
Jumlah (A+B+C),Januari,136298.0,Grand Total,2022,1,2022-01-01
Lainnya,Januari,,Pintu Masuk Lainnya,2022,1,2022-01-01
Total,Januari,136298.0,Grand Total,2022,1,2022-01-01
A. Pintu Udara,Februari,17834.0,Sub-Total,2022,2,2022-02-01
Ngurah Rai,Februari,1293.0,Pintu Masuk,2022,2,2022-02-01
Soekarno-Hatta,Februari,15406.0,Pintu Masuk,2022,2,2022-02-01
Juanda,Februari,0.0,Pintu Masuk,2022,2,2022-02-01
Kualanamu,Februari,0.0,Pintu Masuk,2022,2,2022-02-01
Husein Sastranegara,Februari,0.0,Pintu Masuk,2022,2,2022-02-01
Adi Sucipto,Februari,0.0,Pintu Masuk,2022,2,2022-02-01
Bandara Int. Lombok,Februari,488.0,Pintu Masuk,2022,2,2022-02-01
Sam Ratulangi,Februari,647.0,Pintu Masuk,2022,2,2022-02-01
Minangkabau,Februari,0.0,Pintu Masuk,2022,2,2022-02-01
Sultan Syarif Kasim II,Februari,0.0,Pintu Masuk,2022,2,2022-02-01
Sultan Iskandar Muda,Februari,0.0,Pintu Masuk,2022,2,2022-02-01
Ahmad Yani,Februari,0.0,Pintu Masuk,2022,2,2022-02-01
Supadio,Februari,0.0,Pintu Masuk,2022,2,2022-02-01
Hasanuddin,Februari,0.0,Pintu Masuk,2022,2,2022-02-01
Sultan Badaruddin II,Februari,0.0,Pintu Masuk,2022,2,2022-02-01
Pintu Udara Lainnya,Februari,0.0,Pintu Masuk Lainnya,2022,2,2022-02-01
B. Pintu Laut,Februari,51539.0,Sub-Total,2022,2,2022-02-01
Batam,Februari,329.0,Pintu Masuk,2022,2,2022-02-01
Tanjung Uban,Februari,31.0,Pintu Masuk,2022,2,2022-02-01
Tanjung Pinang,Februari,4.0,Pintu Masuk,2022,2,2022-02-01
Tanjung Balai Karimun,Februari,0.0,Pintu Masuk,2022,2,2022-02-01
Tanjung Benoa,Februari,17.0,Pintu Masuk,2022,2,2022-02-01
Tanjung Mas,Februari,,Pintu Masuk,2022,2,2022-02-01
Pintu Laut Lainnya,Februari,51158.0,Pintu Masuk Lainnya,2022,2,2022-02-01
C. Pintu Darat,Februari,48136.0,Sub-Total,2022,2,2022-02-01
Jayapura,Februari,0.0,Pintu Masuk,2022,2,2022-02-01
Atambua,Februari,226.0,Pintu Masuk,2022,2,2022-02-01
Entikong,Februari,0.0,Pintu Masuk,2022,2,2022-02-01
Aruk,Februari,0.0,Pintu Masuk,2022,2,2022-02-01
Nanga Badau,Februari,0.0,Pintu Masuk,2022,2,2022-02-01
Pintu Darat Lainnya,Februari,47910.0,Pintu Masuk Lainnya,2022,2,2022-02-01
Jumlah (A+B+C),Februari,117509.0,Grand Total,2022,2,2022-02-01
Lainnya,Februari,,Pintu Masuk Lainnya,2022,2,2022-02-01
Total,Februari,117509.0,Grand Total,2022,2,2022-02-01
A. Pintu Udara,Maret,39062.0,Sub-Total,2022,3,2022-03-01
Ngurah Rai,Maret,14617.0,Pintu Masuk,2022,3,2022-03-01
Soekarno-Hatta,Maret,23320.0,Pintu Masuk,2022,3,2022-03-01
Juanda,Maret,57.0,Pintu Masuk,2022,3,2022-03-01
Kualanamu,Maret,11.0,Pintu Masuk,2022,3,2022-03-01
Husein Sastranegara,Maret,0.0,Pintu Masuk,2022,3,2022-03-01
Adi Sucipto,Maret,0.0,Pintu Masuk,2022,3,2022-03-01
Bandara Int. Lombok,Maret,12.0,Pintu Masuk,2022,3,2022-03-01
Sam Ratulangi,Maret,1045.0,Pintu Masuk,2022,3,2022-03-01
Minangkabau,Maret,0.0,Pintu Masuk,2022,3,2022-03-01
Sultan Syarif Kasim II,Maret,0.0,Pintu Masuk,2022,3,2022-03-01
Sultan Iskandar Muda,Maret,0.0,Pintu Masuk,2022,3,2022-03-01
Ahmad Yani,Maret,0.0,Pintu Masuk,2022,3,2022-03-01
Supadio,Maret,0.0,Pintu Masuk,2022,3,2022-03-01
Hasanuddin,Maret,0.0,Pintu Masuk,2022,3,2022-03-01
Sultan Badaruddin II,Maret,0.0,Pintu Masuk,2022,3,2022-03-01
Pintu Udara Lainnya,Maret,0.0,Pintu Masuk Lainnya,2022,3,2022-03-01
B. Pintu Laut,Maret,60357.0,Sub-Total,2022,3,2022-03-01
Batam,Maret,995.0,Pintu Masuk,2022,3,2022-03-01
Tanjung Uban,Maret,367.0,Pintu Masuk,2022,3,2022-03-01
Tanjung Pinang,Maret,1.0,Pintu Masuk,2022,3,2022-03-01
Tanjung Balai Karimun,Maret,0.0,Pintu Masuk,2022,3,2022-03-01
Tanjung Benoa,Maret,3.0,Pintu Masuk,2022,3,2022-03-01
Tanjung Mas,Maret,,Pintu Masuk,2022,3,2022-03-01
Pintu Laut Lainnya,Maret,58991.0,Pintu Masuk Lainnya,2022,3,2022-03-01
C. Pintu Darat,Maret,59210.0,Sub-Total,2022,3,2022-03-01
Jayapura,Maret,0.0,Pintu Masuk,2022,3,2022-03-01
Atambua,Maret,317.0,Pintu Masuk,2022,3,2022-03-01
Entikong,Maret,2.0,Pintu Masuk,2022,3,2022-03-01
Aruk,Maret,0.0,Pintu Masuk,2022,3,2022-03-01
Nanga Badau,Maret,0.0,Pintu Masuk,2022,3,2022-03-01
Pintu Darat Lainnya,Maret,58891.0,Pintu Masuk Lainnya,2022,3,2022-03-01
Jumlah (A+B+C),Maret,158629.0,Grand Total,2022,3,2022-03-01
Lainnya,Maret,,Pintu Masuk Lainnya,2022,3,2022-03-01
Total,Maret,158629.0,Grand Total,2022,3,2022-03-01
A. Pintu Udara,April,97401.0,Sub-Total,2022,4,2022-04-01
Ngurah Rai,April,58315.0,Pintu Masuk,2022,4,2022-04-01
Soekarno-Hatta,April,36061.0,Pintu Masuk,2022,4,2022-04-01
Juanda,April,1468.0,Pintu Masuk,2022,4,2022-04-01
Kualanamu,April,494.0,Pintu Masuk,2022,4,2022-04-01
Husein Sastranegara,April,0.0,Pintu Masuk,2022,4,2022-04-01
Adi Sucipto,April,35.0,Pintu Masuk,2022,4,2022-04-01
Bandara Int. Lombok,April,0.0,Pintu Masuk,2022,4,2022-04-01
Sam Ratulangi,April,851.0,Pintu Masuk,2022,4,2022-04-01
Minangkabau,April,0.0,Pintu Masuk,2022,4,2022-04-01
Sultan Syarif Kasim II,April,0.0,Pintu Masuk,2022,4,2022-04-01
Sultan Iskandar Muda,April,0.0,Pintu Masuk,2022,4,2022-04-01
Ahmad Yani,April,0.0,Pintu Masuk,2022,4,2022-04-01
Supadio,April,0.0,Pintu Masuk,2022,4,2022-04-01
Hasanuddin,April,164.0,Pintu Masuk,2022,4,2022-04-01
Sultan Badaruddin II,April,0.0,Pintu Masuk,2022,4,2022-04-01
Pintu Udara Lainnya,April,13.0,Pintu Masuk Lainnya,2022,4,2022-04-01
B. Pintu Laut,April,69085.0,Sub-Total,2022,4,2022-04-01
Batam,April,8136.0,Pintu Masuk,2022,4,2022-04-01
Tanjung Uban,April,2998.0,Pintu Masuk,2022,4,2022-04-01
Tanjung Pinang,April,660.0,Pintu Masuk,2022,4,2022-04-01
Tanjung Balai Karimun,April,0.0,Pintu Masuk,2022,4,2022-04-01
Tanjung Benoa,April,20.0,Pintu Masuk,2022,4,2022-04-01
Tanjung Mas,April,,Pintu Masuk,2022,4,2022-04-01
Pintu Laut Lainnya,April,57271.0,Pintu Masuk Lainnya,2022,4,2022-04-01
C. Pintu Darat,April,63590.0,Sub-Total,2022,4,2022-04-01
Jayapura,April,20.0,Pintu Masuk,2022,4,2022-04-01
Atambua,April,737.0,Pintu Masuk,2022,4,2022-04-01
Entikong,April,254.0,Pintu Masuk,2022,4,2022-04-01
Aruk,April,218.0,Pintu Masuk,2022,4,2022-04-01
Nanga Badau,April,0.0,Pintu Masuk,2022,4,2022-04-01
Pintu Darat Lainnya,April,62361.0,Pintu Masuk Lainnya,2022,4,2022-04-01
Jumlah (A+B+C),April,230076.0,Grand Total,2022,4,2022-04-01
Lainnya,April,,Pintu Masuk Lainnya,2022,4,2022-04-01
Total,April,230076.0,Grand Total,2022,4,2022-04-01
A. Pintu Udara,Mei,183830.0,Sub-Total,2022,5,2022-05-01
Ngurah Rai,Mei,115553.0,Pintu Masuk,2022,5,2022-05-01
Soekarno-Hatta,Mei,57844.0,Pintu Masuk,2022,5,2022-05-01
Juanda,Mei,4598.0,Pintu Masuk,2022,5,2022-05-01
Kualanamu,Mei,3861.0,Pintu Masuk,2022,5,2022-05-01
Husein Sastranegara,Mei,0.0,Pintu Masuk,2022,5,2022-05-01
Adi Sucipto,Mei,260.0,Pintu Masuk,2022,5,2022-05-01
Bandara Int. Lombok,Mei,487.0,Pintu Masuk,2022,5,2022-05-01
Sam Ratulangi,Mei,843.0,Pintu Masuk,2022,5,2022-05-01
Minangkabau,Mei,0.0,Pintu Masuk,2022,5,2022-05-01
Sultan Syarif Kasim II,Mei,0.0,Pintu Masuk,2022,5,2022-05-01
Sultan Iskandar Muda,Mei,0.0,Pintu Masuk,2022,5,2022-05-01
Ahmad Yani,Mei,0.0,Pintu Masuk,2022,5,2022-05-01
Supadio,Mei,0.0,Pintu Masuk,2022,5,2022-05-01
Hasanuddin,Mei,364.0,Pintu Masuk,2022,5,2022-05-01
Sultan Badaruddin II,Mei,0.0,Pintu Masuk,2022,5,2022-05-01
Pintu Udara Lainnya,Mei,20.0,Pintu Masuk Lainnya,2022,5,2022-05-01
B. Pintu Laut,Mei,105719.0,Sub-Total,2022,5,2022-05-01
Batam,Mei,16741.0,Pintu Masuk,2022,5,2022-05-01
Tanjung Uban,Mei,5281.0,Pintu Masuk,2022,5,2022-05-01
Tanjung Pinang,Mei,1141.0,Pintu Masuk,2022,5,2022-05-01
Tanjung Balai Karimun,Mei,659.0,Pintu Masuk,2022,5,2022-05-01
Tanjung Benoa,Mei,58.0,Pintu Masuk,2022,5,2022-05-01
Tanjung Mas,Mei,,Pintu Masuk,2022,5,2022-05-01
Pintu Laut Lainnya,Mei,81839.0,Pintu Masuk Lainnya,2022,5,2022-05-01
C. Pintu Darat,Mei,65371.0,Sub-Total,2022,5,2022-05-01
Jayapura,Mei,0.0,Pintu Masuk,2022,5,2022-05-01
Atambua,Mei,1203.0,Pintu Masuk,2022,5,2022-05-01
Entikong,Mei,556.0,Pintu Masuk,2022,5,2022-05-01
Aruk,Mei,622.0,Pintu Masuk,2022,5,2022-05-01
Nanga Badau,Mei,0.0,Pintu Masuk,2022,5,2022-05-01
Pintu Darat Lainnya,Mei,62990.0,Pintu Masuk Lainnya,2022,5,2022-05-01
Jumlah (A+B+C),Mei,354920.0,Grand Total,2022,5,2022-05-01
Lainnya,Mei,,Pintu Masuk Lainnya,2022,5,2022-05-01
Total,Mei,354920.0,Grand Total,2022,5,2022-05-01
A. Pintu Udara,Juni,280482.0,Sub-Total,2022,6,2022-06-01
Ngurah Rai,Juni,181545.0,Pintu Masuk,2022,6,2022-06-01
Soekarno-Hatta,Juni,85587.0,Pintu Masuk,2022,6,2022-06-01
Juanda,Juni,4722.0,Pintu Masuk,2022,6,2022-06-01
Kualanamu,Juni,5165.0,Pintu Masuk,2022,6,2022-06-01
Husein Sastranegara,Juni,49.0,Pintu Masuk,2022,6,2022-06-01
Adi Sucipto,Juni,369.0,Pintu Masuk,2022,6,2022-06-01
Bandara Int. Lombok,Juni,1011.0,Pintu Masuk,2022,6,2022-06-01
Sam Ratulangi,Juni,1472.0,Pintu Masuk,2022,6,2022-06-01
Minangkabau,Juni,0.0,Pintu Masuk,2022,6,2022-06-01
Sultan Syarif Kasim II,Juni,0.0,Pintu Masuk,2022,6,2022-06-01
Sultan Iskandar Muda,Juni,0.0,Pintu Masuk,2022,6,2022-06-01
Ahmad Yani,Juni,0.0,Pintu Masuk,2022,6,2022-06-01
Supadio,Juni,0.0,Pintu Masuk,2022,6,2022-06-01
Hasanuddin,Juni,523.0,Pintu Masuk,2022,6,2022-06-01
Sultan Badaruddin II,Juni,8.0,Pintu Masuk,2022,6,2022-06-01
Pintu Udara Lainnya,Juni,31.0,Pintu Masuk Lainnya,2022,6,2022-06-01
B. Pintu Laut,Juni,134664.0,Sub-Total,2022,6,2022-06-01
Batam,Juni,39649.0,Pintu Masuk,2022,6,2022-06-01
Tanjung Uban,Juni,12509.0,Pintu Masuk,2022,6,2022-06-01
Tanjung Pinang,Juni,2758.0,Pintu Masuk,2022,6,2022-06-01
Tanjung Balai Karimun,Juni,2519.0,Pintu Masuk,2022,6,2022-06-01
Tanjung Benoa,Juni,80.0,Pintu Masuk,2022,6,2022-06-01
Tanjung Mas,Juni,,Pintu Masuk,2022,6,2022-06-01
Pintu Laut Lainnya,Juni,77149.0,Pintu Masuk Lainnya,2022,6,2022-06-01
C. Pintu Darat,Juni,68737.0,Sub-Total,2022,6,2022-06-01
Jayapura,Juni,0.0,Pintu Masuk,2022,6,2022-06-01
Atambua,Juni,1792.0,Pintu Masuk,2022,6,2022-06-01
Entikong,Juni,789.0,Pintu Masuk,2022,6,2022-06-01
Aruk,Juni,969.0,Pintu Masuk,2022,6,2022-06-01
Nanga Badau,Juni,0.0,Pintu Masuk,2022,6,2022-06-01
Pintu Darat Lainnya,Juni,65187.0,Pintu Masuk Lainnya,2022,6,2022-06-01
Jumlah (A+B+C),Juni,483883.0,Grand Total,2022,6,2022-06-01
Lainnya,Juni,,Pintu Masuk Lainnya,2022,6,2022-06-01
Total,Juni,483883.0,Grand Total,2022,6,2022-06-01
A. Pintu Udara,Juli,387184.0,Sub-Total,2022,7,2022-07-01
Ngurah Rai,Juli,246442.0,Pintu Masuk,2022,7,2022-07-01
Soekarno-Hatta,Juli,119179.0,Pintu Masuk,2022,7,2022-07-01
Juanda,Juli,6087.0,Pintu Masuk,2022,7,2022-07-01
Kualanamu,Juli,7518.0,Pintu Masuk,2022,7,2022-07-01
Husein Sastranegara,Juli,21.0,Pintu Masuk,2022,7,2022-07-01
Adi Sucipto,Juli,809.0,Pintu Masuk,2022,7,2022-07-01
Bandara Int. Lombok,Juli,1658.0,Pintu Masuk,2022,7,2022-07-01
Sam Ratulangi,Juli,1684.0,Pintu Masuk,2022,7,2022-07-01
Minangkabau,Juli,0.0,Pintu Masuk,2022,7,2022-07-01
Sultan Syarif Kasim II,Juli,32.0,Pintu Masuk,2022,7,2022-07-01
Sultan Iskandar Muda,Juli,0.0,Pintu Masuk,2022,7,2022-07-01
Ahmad Yani,Juli,0.0,Pintu Masuk,2022,7,2022-07-01
Supadio,Juli,0.0,Pintu Masuk,2022,7,2022-07-01
Hasanuddin,Juli,706.0,Pintu Masuk,2022,7,2022-07-01
Sultan Badaruddin II,Juli,1024.0,Pintu Masuk,2022,7,2022-07-01
Pintu Udara Lainnya,Juli,2024.0,Pintu Masuk Lainnya,2022,7,2022-07-01
B. Pintu Laut,Juli,184193.0,Sub-Total,2022,7,2022-07-01
Batam,Juli,56610.0,Pintu Masuk,2022,7,2022-07-01
Tanjung Uban,Juli,16988.0,Pintu Masuk,2022,7,2022-07-01
Tanjung Pinang,Juli,1965.0,Pintu Masuk,2022,7,2022-07-01
Tanjung Balai Karimun,Juli,4122.0,Pintu Masuk,2022,7,2022-07-01
Tanjung Benoa,Juli,62.0,Pintu Masuk,2022,7,2022-07-01
Tanjung Mas,Juli,,Pintu Masuk,2022,7,2022-07-01
Pintu Laut Lainnya,Juli,104446.0,Pintu Masuk Lainnya,2022,7,2022-07-01
C. Pintu Darat,Juli,73744.0,Sub-Total,2022,7,2022-07-01
Jayapura,Juli,0.0,Pintu Masuk,2022,7,2022-07-01
Atambua,Juli,1149.0,Pintu Masuk,2022,7,2022-07-01
Entikong,Juli,646.0,Pintu Masuk,2022,7,2022-07-01
Aruk,Juli,1792.0,Pintu Masuk,2022,7,2022-07-01
Nanga Badau,Juli,15.0,Pintu Masuk,2022,7,2022-07-01
Pintu Darat Lainnya,Juli,70142.0,Pintu Masuk Lainnya,2022,7,2022-07-01
Jumlah (A+B+C),Juli,645121.0,Grand Total,2022,7,2022-07-01
Lainnya,Juli,,Pintu Masuk Lainnya,2022,7,2022-07-01
Total,Juli,645121.0,Grand Total,2022,7,2022-07-01
A. Pintu Udara,Agustus,422500.0,Sub-Total,2022,8,2022-08-01
Ngurah Rai,Agustus,276627.0,Pintu Masuk,2022,8,2022-08-01
Soekarno-Hatta,Agustus,121427.0,Pintu Masuk,2022,8,2022-08-01
Juanda,Agustus,8386.0,Pintu Masuk,2022,8,2022-08-01
Kualanamu,Agustus,10287.0,Pintu Masuk,2022,8,2022-08-01
Husein Sastranegara,Agustus,15.0,Pintu Masuk,2022,8,2022-08-01
Adi Sucipto,Agustus,640.0,Pintu Masuk,2022,8,2022-08-01
Bandara Int. Lombok,Agustus,2054.0,Pintu Masuk,2022,8,2022-08-01
Sam Ratulangi,Agustus,1758.0,Pintu Masuk,2022,8,2022-08-01
Minangkabau,Agustus,0.0,Pintu Masuk,2022,8,2022-08-01
Sultan Syarif Kasim II,Agustus,117.0,Pintu Masuk,2022,8,2022-08-01
Sultan Iskandar Muda,Agustus,0.0,Pintu Masuk,2022,8,2022-08-01
Ahmad Yani,Agustus,0.0,Pintu Masuk,2022,8,2022-08-01
Supadio,Agustus,0.0,Pintu Masuk,2022,8,2022-08-01
Hasanuddin,Agustus,503.0,Pintu Masuk,2022,8,2022-08-01
Sultan Badaruddin II,Agustus,4.0,Pintu Masuk,2022,8,2022-08-01
Pintu Udara Lainnya,Agustus,682.0,Pintu Masuk Lainnya,2022,8,2022-08-01
B. Pintu Laut,Agustus,164918.0,Sub-Total,2022,8,2022-08-01
Batam,Agustus,59750.0,Pintu Masuk,2022,8,2022-08-01
Tanjung Uban,Agustus,13277.0,Pintu Masuk,2022,8,2022-08-01
Tanjung Pinang,Agustus,2801.0,Pintu Masuk,2022,8,2022-08-01
Tanjung Balai Karimun,Agustus,3139.0,Pintu Masuk,2022,8,2022-08-01
Tanjung Benoa,Agustus,32.0,Pintu Masuk,2022,8,2022-08-01
Tanjung Mas,Agustus,,Pintu Masuk,2022,8,2022-08-01
Pintu Laut Lainnya,Agustus,85919.0,Pintu Masuk Lainnya,2022,8,2022-08-01
C. Pintu Darat,Agustus,83091.0,Sub-Total,2022,8,2022-08-01
Jayapura,Agustus,0.0,Pintu Masuk,2022,8,2022-08-01
Atambua,Agustus,3120.0,Pintu Masuk,2022,8,2022-08-01
Entikong,Agustus,745.0,Pintu Masuk,2022,8,2022-08-01
Aruk,Agustus,1149.0,Pintu Masuk,2022,8,2022-08-01
Nanga Badau,Agustus,318.0,Pintu Masuk,2022,8,2022-08-01
Pintu Darat Lainnya,Agustus,77759.0,Pintu Masuk Lainnya,2022,8,2022-08-01
Jumlah (A+B+C),Agustus,670509.0,Grand Total,2022,8,2022-08-01
Lainnya,Agustus,,Pintu Masuk Lainnya,2022,8,2022-08-01
Total,Agustus,670509.0,Grand Total,2022,8,2022-08-01
A. Pintu Udara,September,424198.0,Sub-Total,2022,9,2022-09-01
Ngurah Rai,September,291115.0,Pintu Masuk,2022,9,2022-09-01
Soekarno-Hatta,September,111033.0,Pintu Masuk,2022,9,2022-09-01
Juanda,September,9152.0,Pintu Masuk,2022,9,2022-09-01
Kualanamu,September,5895.0,Pintu Masuk,2022,9,2022-09-01
Husein Sastranegara,September,0.0,Pintu Masuk,2022,9,2022-09-01
Adi Sucipto,September,974.0,Pintu Masuk,2022,9,2022-09-01
Bandara Int. Lombok,September,2251.0,Pintu Masuk,2022,9,2022-09-01
Sam Ratulangi,September,2178.0,Pintu Masuk,2022,9,2022-09-01
Minangkabau,September,0.0,Pintu Masuk,2022,9,2022-09-01
Sultan Syarif Kasim II,September,272.0,Pintu Masuk,2022,9,2022-09-01
Sultan Iskandar Muda,September,0.0,Pintu Masuk,2022,9,2022-09-01
Ahmad Yani,September,0.0,Pintu Masuk,2022,9,2022-09-01
Supadio,September,0.0,Pintu Masuk,2022,9,2022-09-01
Hasanuddin,September,701.0,Pintu Masuk,2022,9,2022-09-01
Sultan Badaruddin II,September,4.0,Pintu Masuk,2022,9,2022-09-01
Pintu Udara Lainnya,September,623.0,Pintu Masuk Lainnya,2022,9,2022-09-01
B. Pintu Laut,September,196668.0,Sub-Total,2022,9,2022-09-01
Batam,September,77981.0,Pintu Masuk,2022,9,2022-09-01
Tanjung Uban,September,18218.0,Pintu Masuk,2022,9,2022-09-01
Tanjung Pinang,September,3716.0,Pintu Masuk,2022,9,2022-09-01
Tanjung Balai Karimun,September,4188.0,Pintu Masuk,2022,9,2022-09-01
Tanjung Benoa,September,46.0,Pintu Masuk,2022,9,2022-09-01
Tanjung Mas,September,,Pintu Masuk,2022,9,2022-09-01
Pintu Laut Lainnya,September,92519.0,Pintu Masuk Lainnya,2022,9,2022-09-01
C. Pintu Darat,September,79740.0,Sub-Total,2022,9,2022-09-01
Jayapura,September,0.0,Pintu Masuk,2022,9,2022-09-01
Atambua,September,2672.0,Pintu Masuk,2022,9,2022-09-01
Entikong,September,1360.0,Pintu Masuk,2022,9,2022-09-01
Aruk,September,1692.0,Pintu Masuk,2022,9,2022-09-01
Nanga Badau,September,425.0,Pintu Masuk,2022,9,2022-09-01
Pintu Darat Lainnya,September,73591.0,Pintu Masuk Lainnya,2022,9,2022-09-01
Jumlah (A+B+C),September,700606.0,Grand Total,2022,9,2022-09-01
Lainnya,September,,Pintu Masuk Lainnya,2022,9,2022-09-01
Total,September,700606.0,Grand Total,2022,9,2022-09-01
A. Pintu Udara,Oktober,447074.0,Sub-Total,2022,10,2022-10-01
Ngurah Rai,Oktober,305152.0,Pintu Masuk,2022,10,2022-10-01
Soekarno-Hatta,Oktober,112527.0,Pintu Masuk,2022,10,2022-10-01
Juanda,Oktober,9415.0,Pintu Masuk,2022,10,2022-10-01
Kualanamu,Oktober,11454.0,Pintu Masuk,2022,10,2022-10-01
Husein Sastranegara,Oktober,0.0,Pintu Masuk,2022,10,2022-10-01
Adi Sucipto,Oktober,1933.0,Pintu Masuk,2022,10,2022-10-01
Bandara Int. Lombok,Oktober,2226.0,Pintu Masuk,2022,10,2022-10-01
Sam Ratulangi,Oktober,1581.0,Pintu Masuk,2022,10,2022-10-01
Minangkabau,Oktober,371.0,Pintu Masuk,2022,10,2022-10-01
Sultan Syarif Kasim II,Oktober,632.0,Pintu Masuk,2022,10,2022-10-01
Sultan Iskandar Muda,Oktober,257.0,Pintu Masuk,2022,10,2022-10-01
Ahmad Yani,Oktober,0.0,Pintu Masuk,2022,10,2022-10-01
Supadio,Oktober,0.0,Pintu Masuk,2022,10,2022-10-01
Hasanuddin,Oktober,897.0,Pintu Masuk,2022,10,2022-10-01
Sultan Badaruddin II,Oktober,90.0,Pintu Masuk,2022,10,2022-10-01
Pintu Udara Lainnya,Oktober,539.0,Pintu Masuk Lainnya,2022,10,2022-10-01
B. Pintu Laut,Oktober,207390.0,Sub-Total,2022,10,2022-10-01
Batam,Oktober,77752.0,Pintu Masuk,2022,10,2022-10-01
Tanjung Uban,Oktober,19932.0,Pintu Masuk,2022,10,2022-10-01
Tanjung Pinang,Oktober,3912.0,Pintu Masuk,2022,10,2022-10-01
Tanjung Balai Karimun,Oktober,4085.0,Pintu Masuk,2022,10,2022-10-01
Tanjung Benoa,Oktober,92.0,Pintu Masuk,2022,10,2022-10-01
Tanjung Mas,Oktober,,Pintu Masuk,2022,10,2022-10-01
Pintu Laut Lainnya,Oktober,101617.0,Pintu Masuk Lainnya,2022,10,2022-10-01
C. Pintu Darat,Oktober,79764.0,Sub-Total,2022,10,2022-10-01
Jayapura,Oktober,78.0,Pintu Masuk,2022,10,2022-10-01
Atambua,Oktober,2646.0,Pintu Masuk,2022,10,2022-10-01
Entikong,Oktober,1804.0,Pintu Masuk,2022,10,2022-10-01
Aruk,Oktober,2116.0,Pintu Masuk,2022,10,2022-10-01
Nanga Badau,Oktober,347.0,Pintu Masuk,2022,10,2022-10-01
Pintu Darat Lainnya,Oktober,72773.0,Pintu Masuk Lainnya,2022,10,2022-10-01
Jumlah (A+B+C),Oktober,734228.0,Grand Total,2022,10,2022-10-01
Lainnya,Oktober,,Pintu Masuk Lainnya,2022,10,2022-10-01
Total,Oktober,734228.0,Grand Total,2022,10,2022-10-01
A. Pintu Udara,November,429979.0,Sub-Total,2022,11,2022-11-01
Ngurah Rai,November,287025.0,Pintu Masuk,2022,11,2022-11-01
Soekarno-Hatta,November,113729.0,Pintu Masuk,2022,11,2022-11-01
Juanda,November,9644.0,Pintu Masuk,2022,11,2022-11-01
Kualanamu,November,10615.0,Pintu Masuk,2022,11,2022-11-01
Husein Sastranegara,November,0.0,Pintu Masuk,2022,11,2022-11-01
Adi Sucipto,November,1947.0,Pintu Masuk,2022,11,2022-11-01
Bandara Int. Lombok,November,1921.0,Pintu Masuk,2022,11,2022-11-01
Sam Ratulangi,November,1721.0,Pintu Masuk,2022,11,2022-11-01
Minangkabau,November,709.0,Pintu Masuk,2022,11,2022-11-01
Sultan Syarif Kasim II,November,955.0,Pintu Masuk,2022,11,2022-11-01
Sultan Iskandar Muda,November,452.0,Pintu Masuk,2022,11,2022-11-01
Ahmad Yani,November,0.0,Pintu Masuk,2022,11,2022-11-01
Supadio,November,0.0,Pintu Masuk,2022,11,2022-11-01
Hasanuddin,November,526.0,Pintu Masuk,2022,11,2022-11-01
Sultan Badaruddin II,November,0.0,Pintu Masuk,2022,11,2022-11-01
Pintu Udara Lainnya,November,735.0,Pintu Masuk Lainnya,2022,11,2022-11-01
B. Pintu Laut,November,193894.0,Sub-Total,2022,11,2022-11-01
Batam,November,80216.0,Pintu Masuk,2022,11,2022-11-01
Tanjung Uban,November,16473.0,Pintu Masuk,2022,11,2022-11-01
Tanjung Pinang,November,3117.0,Pintu Masuk,2022,11,2022-11-01
Tanjung Balai Karimun,November,3588.0,Pintu Masuk,2022,11,2022-11-01
Tanjung Benoa,November,373.0,Pintu Masuk,2022,11,2022-11-01
Tanjung Mas,November,,Pintu Masuk,2022,11,2022-11-01
Pintu Laut Lainnya,November,90127.0,Pintu Masuk Lainnya,2022,11,2022-11-01
C. Pintu Darat,November,80910.0,Sub-Total,2022,11,2022-11-01
Jayapura,November,166.0,Pintu Masuk,2022,11,2022-11-01
Atambua,November,2511.0,Pintu Masuk,2022,11,2022-11-01
Entikong,November,1771.0,Pintu Masuk,2022,11,2022-11-01
Aruk,November,1197.0,Pintu Masuk,2022,11,2022-11-01
Nanga Badau,November,291.0,Pintu Masuk,2022,11,2022-11-01
Pintu Darat Lainnya,November,74974.0,Pintu Masuk Lainnya,2022,11,2022-11-01
Jumlah (A+B+C),November,704783.0,Grand Total,2022,11,2022-11-01
Lainnya,November,,Pintu Masuk Lainnya,2022,11,2022-11-01
Total,November,704783.0,Grand Total,2022,11,2022-11-01
A. Pintu Udara,Desember,551927.0,Sub-Total,2022,12,2022-12-01
Ngurah Rai,Desember,376361.0,Pintu Masuk,2022,12,2022-12-01
Soekarno-Hatta,Desember,124475.0,Pintu Masuk,2022,12,2022-12-01
Juanda,Desember,14264.0,Pintu Masuk,2022,12,2022-12-01
Kualanamu,Desember,19198.0,Pintu Masuk,2022,12,2022-12-01
Husein Sastranegara,Desember,0.0,Pintu Masuk,2022,12,2022-12-01
Adi Sucipto,Desember,5169.0,Pintu Masuk,2022,12,2022-12-01
Bandara Int. Lombok,Desember,2914.0,Pintu Masuk,2022,12,2022-12-01
Sam Ratulangi,Desember,1142.0,Pintu Masuk,2022,12,2022-12-01
Minangkabau,Desember,3062.0,Pintu Masuk,2022,12,2022-12-01
Sultan Syarif Kasim II,Desember,1977.0,Pintu Masuk,2022,12,2022-12-01
Sultan Iskandar Muda,Desember,1177.0,Pintu Masuk,2022,12,2022-12-01
Ahmad Yani,Desember,0.0,Pintu Masuk,2022,12,2022-12-01
Supadio,Desember,0.0,Pintu Masuk,2022,12,2022-12-01
Hasanuddin,Desember,1530.0,Pintu Masuk,2022,12,2022-12-01
Sultan Badaruddin II,Desember,0.0,Pintu Masuk,2022,12,2022-12-01
Pintu Udara Lainnya,Desember,658.0,Pintu Masuk Lainnya,2022,12,2022-12-01
B. Pintu Laut,Desember,299967.0,Sub-Total,2022,12,2022-12-01
Batam,Desember,144521.0,Pintu Masuk,2022,12,2022-12-01
Tanjung Uban,Desember,31367.0,Pintu Masuk,2022,12,2022-12-01
Tanjung Pinang,Desember,5475.0,Pintu Masuk,2022,12,2022-12-01
Tanjung Balai Karimun,Desember,6684.0,Pintu Masuk,2022,12,2022-12-01
Tanjung Benoa,Desember,914.0,Pintu Masuk,2022,12,2022-12-01
Tanjung Mas,Desember,,Pintu Masuk,2022,12,2022-12-01
Pintu Laut Lainnya,Desember,111006.0,Pintu Masuk Lainnya,2022,12,2022-12-01
C. Pintu Darat,Desember,100575.0,Sub-Total,2022,12,2022-12-01
Jayapura,Desember,184.0,Pintu Masuk,2022,12,2022-12-01
Atambua,Desember,4300.0,Pintu Masuk,2022,12,2022-12-01
Entikong,Desember,3877.0,Pintu Masuk,2022,12,2022-12-01
Aruk,Desember,3020.0,Pintu Masuk,2022,12,2022-12-01
Nanga Badau,Desember,1153.0,Pintu Masuk,2022,12,2022-12-01
Pintu Darat Lainnya,Desember,88041.0,Pintu Masuk Lainnya,2022,12,2022-12-01
Jumlah (A+B+C),Desember,952469.0,Grand Total,2022,12,2022-12-01
Lainnya,Desember,,Pintu Masuk Lainnya,2022,12,2022-12-01
Total,Desember,952469.0,Grand Total,2022,12,2022-12-01
A. Pintu Udara,Januari,484497.0,Sub-Total,2023,1,2023-01-01
Ngurah Rai,Januari,329909.0,Pintu Masuk,2023,1,2023-01-01
Soekarno-Hatta,Januari,115101.0,Pintu Masuk,2023,1,2023-01-01
Juanda,Januari,10777.0,Pintu Masuk,2023,1,2023-01-01
Kualanamu,Januari,14146.0,Pintu Masuk,2023,1,2023-01-01
Husein Sastranegara,Januari,0.0,Pintu Masuk,2023,1,2023-01-01
Adi Sucipto,Januari,3878.0,Pintu Masuk,2023,1,2023-01-01
Bandara Int. Lombok,Januari,2202.0,Pintu Masuk,2023,1,2023-01-01
Sam Ratulangi,Januari,803.0,Pintu Masuk,2023,1,2023-01-01
Minangkabau,Januari,2878.0,Pintu Masuk,2023,1,2023-01-01
Sultan Syarif Kasim II,Januari,1624.0,Pintu Masuk,2023,1,2023-01-01
Sultan Iskandar Muda,Januari,1440.0,Pintu Masuk,2023,1,2023-01-01
Ahmad Yani,Januari,1.0,Pintu Masuk,2023,1,2023-01-01
Supadio,Januari,0.0,Pintu Masuk,2023,1,2023-01-01
Hasanuddin,Januari,1066.0,Pintu Masuk,2023,1,2023-01-01
Sultan Badaruddin II,Januari,0.0,Pintu Masuk,2023,1,2023-01-01
Pintu Udara Lainnya,Januari,672.0,Pintu Masuk Lainnya,2023,1,2023-01-01
B. Pintu Laut,Januari,224851.0,Sub-Total,2023,1,2023-01-01
Batam,Januari,93781.0,Pintu Masuk,2023,1,2023-01-01
Tanjung Uban,Januari,14957.0,Pintu Masuk,2023,1,2023-01-01
Tanjung Pinang,Januari,4973.0,Pintu Masuk,2023,1,2023-01-01
Tanjung Balai Karimun,Januari,5814.0,Pintu Masuk,2023,1,2023-01-01
Tanjung Benoa,Januari,1876.0,Pintu Masuk,2023,1,2023-01-01
Tanjung Mas,Januari,,Pintu Masuk,2023,1,2023-01-01
Pintu Laut Lainnya,Januari,103450.0,Pintu Masuk Lainnya,2023,1,2023-01-01
C. Pintu Darat,Januari,89121.0,Sub-Total,2023,1,2023-01-01
Jayapura,Januari,132.0,Pintu Masuk,2023,1,2023-01-01
Atambua,Januari,2514.0,Pintu Masuk,2023,1,2023-01-01
Entikong,Januari,2508.0,Pintu Masuk,2023,1,2023-01-01
Aruk,Januari,2542.0,Pintu Masuk,2023,1,2023-01-01
Nanga Badau,Januari,718.0,Pintu Masuk,2023,1,2023-01-01
Pintu Darat Lainnya,Januari,80707.0,Pintu Masuk Lainnya,2023,1,2023-01-01
Jumlah (A+B+C),Januari,798469.0,Grand Total,2023,1,2023-01-01
Lainnya,Januari,,Pintu Masuk Lainnya,2023,1,2023-01-01
Total,Januari,798469.0,Grand Total,2023,1,2023-01-01
A. Pintu Udara,Februari,487449.0,Sub-Total,2023,2,2023-02-01
Ngurah Rai,Februari,317005.0,Pintu Masuk,2023,2,2023-02-01
Soekarno-Hatta,Februari,124803.0,Pintu Masuk,2023,2,2023-02-01
Juanda,Februari,11882.0,Pintu Masuk,2023,2,2023-02-01
Kualanamu,Februari,15072.0,Pintu Masuk,2023,2,2023-02-01
Husein Sastranegara,Februari,0.0,Pintu Masuk,2023,2,2023-02-01
Adi Sucipto,Februari,4839.0,Pintu Masuk,2023,2,2023-02-01
Bandara Int. Lombok,Februari,2355.0,Pintu Masuk,2023,2,2023-02-01
Sam Ratulangi,Februari,1848.0,Pintu Masuk,2023,2,2023-02-01
Minangkabau,Februari,3590.0,Pintu Masuk,2023,2,2023-02-01
Sultan Syarif Kasim II,Februari,1914.0,Pintu Masuk,2023,2,2023-02-01
Sultan Iskandar Muda,Februari,2024.0,Pintu Masuk,2023,2,2023-02-01
Ahmad Yani,Februari,1.0,Pintu Masuk,2023,2,2023-02-01
Supadio,Februari,1.0,Pintu Masuk,2023,2,2023-02-01
Hasanuddin,Februari,1469.0,Pintu Masuk,2023,2,2023-02-01
Sultan Badaruddin II,Februari,1.0,Pintu Masuk,2023,2,2023-02-01
Pintu Udara Lainnya,Februari,645.0,Pintu Masuk Lainnya,2023,2,2023-02-01
B. Pintu Laut,Februari,191063.0,Sub-Total,2023,2,2023-02-01
Batam,Februari,73090.0,Pintu Masuk,2023,2,2023-02-01
Tanjung Uban,Februari,11265.0,Pintu Masuk,2023,2,2023-02-01
Tanjung Pinang,Februari,2663.0,Pintu Masuk,2023,2,2023-02-01
Tanjung Balai Karimun,Februari,4795.0,Pintu Masuk,2023,2,2023-02-01
Tanjung Benoa,Februari,6505.0,Pintu Masuk,2023,2,2023-02-01
Tanjung Mas,Februari,,Pintu Masuk,2023,2,2023-02-01
Pintu Laut Lainnya,Februari,92745.0,Pintu Masuk Lainnya,2023,2,2023-02-01
C. Pintu Darat,Februari,70924.0,Sub-Total,2023,2,2023-02-01
Jayapura,Februari,86.0,Pintu Masuk,2023,2,2023-02-01
Atambua,Februari,4212.0,Pintu Masuk,2023,2,2023-02-01
Entikong,Februari,2725.0,Pintu Masuk,2023,2,2023-02-01
Aruk,Februari,2503.0,Pintu Masuk,2023,2,2023-02-01
Nanga Badau,Februari,615.0,Pintu Masuk,2023,2,2023-02-01
Pintu Darat Lainnya,Februari,60783.0,Pintu Masuk Lainnya,2023,2,2023-02-01
Jumlah (A+B+C),Februari,749436.0,Grand Total,2023,2,2023-02-01
Lainnya,Februari,,Pintu Masuk Lainnya,2023,2,2023-02-01
Total,Februari,749436.0,Grand Total,2023,2,2023-02-01
A. Pintu Udara,Maret,554665.0,Sub-Total,2023,3,2023-03-01
Ngurah Rai,Maret,366956.0,Pintu Masuk,2023,3,2023-03-01
Soekarno-Hatta,Maret,140859.0,Pintu Masuk,2023,3,2023-03-01
Juanda,Maret,10606.0,Pintu Masuk,2023,3,2023-03-01
Kualanamu,Maret,16106.0,Pintu Masuk,2023,3,2023-03-01
Husein Sastranegara,Maret,0.0,Pintu Masuk,2023,3,2023-03-01
Adi Sucipto,Maret,5007.0,Pintu Masuk,2023,3,2023-03-01
Bandara Int. Lombok,Maret,2099.0,Pintu Masuk,2023,3,2023-03-01
Sam Ratulangi,Maret,4793.0,Pintu Masuk,2023,3,2023-03-01
Minangkabau,Maret,2765.0,Pintu Masuk,2023,3,2023-03-01
Sultan Syarif Kasim II,Maret,1697.0,Pintu Masuk,2023,3,2023-03-01
Sultan Iskandar Muda,Maret,1901.0,Pintu Masuk,2023,3,2023-03-01
Ahmad Yani,Maret,1.0,Pintu Masuk,2023,3,2023-03-01
Supadio,Maret,0.0,Pintu Masuk,2023,3,2023-03-01
Hasanuddin,Maret,921.0,Pintu Masuk,2023,3,2023-03-01
Sultan Badaruddin II,Maret,1.0,Pintu Masuk,2023,3,2023-03-01
Pintu Udara Lainnya,Maret,953.0,Pintu Masuk Lainnya,2023,3,2023-03-01
B. Pintu Laut,Maret,236181.0,Sub-Total,2023,3,2023-03-01
Batam,Maret,97040.0,Pintu Masuk,2023,3,2023-03-01
Tanjung Uban,Maret,19018.0,Pintu Masuk,2023,3,2023-03-01
Tanjung Pinang,Maret,4043.0,Pintu Masuk,2023,3,2023-03-01
Tanjung Balai Karimun,Maret,4835.0,Pintu Masuk,2023,3,2023-03-01
Tanjung Benoa,Maret,3738.0,Pintu Masuk,2023,3,2023-03-01
Tanjung Mas,Maret,,Pintu Masuk,2023,3,2023-03-01
Pintu Laut Lainnya,Maret,107507.0,Pintu Masuk Lainnya,2023,3,2023-03-01
C. Pintu Darat,Maret,78398.0,Sub-Total,2023,3,2023-03-01
Jayapura,Maret,106.0,Pintu Masuk,2023,3,2023-03-01
Atambua,Maret,7016.0,Pintu Masuk,2023,3,2023-03-01
Entikong,Maret,2905.0,Pintu Masuk,2023,3,2023-03-01
Aruk,Maret,2169.0,Pintu Masuk,2023,3,2023-03-01
Nanga Badau,Maret,669.0,Pintu Masuk,2023,3,2023-03-01
Pintu Darat Lainnya,Maret,65533.0,Pintu Masuk Lainnya,2023,3,2023-03-01
Jumlah (A+B+C),Maret,869244.0,Grand Total,2023,3,2023-03-01
Lainnya,Maret,,Pintu Masuk Lainnya,2023,3,2023-03-01
Total,Maret,869244.0,Grand Total,2023,3,2023-03-01
A. Pintu Udara,April,560434.0,Sub-Total,2023,4,2023-04-01
Ngurah Rai,April,410281.0,Pintu Masuk,2023,4,2023-04-01
Soekarno-Hatta,April,99289.0,Pintu Masuk,2023,4,2023-04-01
Juanda,April,12361.0,Pintu Masuk,2023,4,2023-04-01
Kualanamu,April,15497.0,Pintu Masuk,2023,4,2023-04-01
Husein Sastranegara,April,0.0,Pintu Masuk,2023,4,2023-04-01
Adi Sucipto,April,5592.0,Pintu Masuk,2023,4,2023-04-01
Bandara Int. Lombok,April,2903.0,Pintu Masuk,2023,4,2023-04-01
Sam Ratulangi,April,4156.0,Pintu Masuk,2023,4,2023-04-01
Minangkabau,April,4100.0,Pintu Masuk,2023,4,2023-04-01
Sultan Syarif Kasim II,April,2453.0,Pintu Masuk,2023,4,2023-04-01
Sultan Iskandar Muda,April,1349.0,Pintu Masuk,2023,4,2023-04-01
Ahmad Yani,April,0.0,Pintu Masuk,2023,4,2023-04-01
Supadio,April,0.0,Pintu Masuk,2023,4,2023-04-01
Hasanuddin,April,1564.0,Pintu Masuk,2023,4,2023-04-01
Sultan Badaruddin II,April,0.0,Pintu Masuk,2023,4,2023-04-01
Pintu Udara Lainnya,April,889.0,Pintu Masuk Lainnya,2023,4,2023-04-01
B. Pintu Laut,April,235660.0,Sub-Total,2023,4,2023-04-01
Batam,April,88776.0,Pintu Masuk,2023,4,2023-04-01
Tanjung Uban,April,18547.0,Pintu Masuk,2023,4,2023-04-01
Tanjung Pinang,April,5324.0,Pintu Masuk,2023,4,2023-04-01
Tanjung Balai Karimun,April,5801.0,Pintu Masuk,2023,4,2023-04-01
Tanjung Benoa,April,1229.0,Pintu Masuk,2023,4,2023-04-01
Tanjung Mas,April,,Pintu Masuk,2023,4,2023-04-01
Pintu Laut Lainnya,April,115983.0,Pintu Masuk Lainnya,2023,4,2023-04-01
C. Pintu Darat,April,69717.0,Sub-Total,2023,4,2023-04-01
Jayapura,April,91.0,Pintu Masuk,2023,4,2023-04-01
Atambua,April,7322.0,Pintu Masuk,2023,4,2023-04-01
Entikong,April,2929.0,Pintu Masuk,2023,4,2023-04-01
Aruk,April,3592.0,Pintu Masuk,2023,4,2023-04-01
Nanga Badau,April,735.0,Pintu Masuk,2023,4,2023-04-01
Pintu Darat Lainnya,April,55048.0,Pintu Masuk Lainnya,2023,4,2023-04-01
Jumlah (A+B+C),April,865811.0,Grand Total,2023,4,2023-04-01
Lainnya,April,,Pintu Masuk Lainnya,2023,4,2023-04-01
Total,April,865811.0,Grand Total,2023,4,2023-04-01
A. Pintu Udara,Mei,659065.0,Sub-Total,2023,5,2023-05-01
Ngurah Rai,Mei,439454.0,Pintu Masuk,2023,5,2023-05-01
Soekarno-Hatta,Mei,158550.0,Pintu Masuk,2023,5,2023-05-01
Juanda,Mei,15734.0,Pintu Masuk,2023,5,2023-05-01
Kualanamu,Mei,16262.0,Pintu Masuk,2023,5,2023-05-01
Husein Sastranegara,Mei,17.0,Pintu Masuk,2023,5,2023-05-01
Adi Sucipto,Mei,8160.0,Pintu Masuk,2023,5,2023-05-01
Bandara Int. Lombok,Mei,4848.0,Pintu Masuk,2023,5,2023-05-01
Sam Ratulangi,Mei,3798.0,Pintu Masuk,2023,5,2023-05-01
Minangkabau,Mei,4624.0,Pintu Masuk,2023,5,2023-05-01
Sultan Syarif Kasim II,Mei,2293.0,Pintu Masuk,2023,5,2023-05-01
Sultan Iskandar Muda,Mei,2350.0,Pintu Masuk,2023,5,2023-05-01
Ahmad Yani,Mei,0.0,Pintu Masuk,2023,5,2023-05-01
Supadio,Mei,0.0,Pintu Masuk,2023,5,2023-05-01
Hasanuddin,Mei,1432.0,Pintu Masuk,2023,5,2023-05-01
Sultan Badaruddin II,Mei,0.0,Pintu Masuk,2023,5,2023-05-01
Pintu Udara Lainnya,Mei,1543.0,Pintu Masuk Lainnya,2023,5,2023-05-01
B. Pintu Laut,Mei,214326.0,Sub-Total,2023,5,2023-05-01
Batam,Mei,76577.0,Pintu Masuk,2023,5,2023-05-01
Tanjung Uban,Mei,15001.0,Pintu Masuk,2023,5,2023-05-01
Tanjung Pinang,Mei,3391.0,Pintu Masuk,2023,5,2023-05-01
Tanjung Balai Karimun,Mei,3590.0,Pintu Masuk,2023,5,2023-05-01
Tanjung Benoa,Mei,21.0,Pintu Masuk,2023,5,2023-05-01
Tanjung Mas,Mei,,Pintu Masuk,2023,5,2023-05-01
Pintu Laut Lainnya,Mei,115746.0,Pintu Masuk Lainnya,2023,5,2023-05-01
C. Pintu Darat,Mei,80323.0,Sub-Total,2023,5,2023-05-01
Jayapura,Mei,8251.0,Pintu Masuk,2023,5,2023-05-01
Atambua,Mei,6651.0,Pintu Masuk,2023,5,2023-05-01
Entikong,Mei,2856.0,Pintu Masuk,2023,5,2023-05-01
Aruk,Mei,2057.0,Pintu Masuk,2023,5,2023-05-01
Nanga Badau,Mei,1324.0,Pintu Masuk,2023,5,2023-05-01
Pintu Darat Lainnya,Mei,59184.0,Pintu Masuk Lainnya,2023,5,2023-05-01
Jumlah (A+B+C),Mei,953714.0,Grand Total,2023,5,2023-05-01
Lainnya,Mei,,Pintu Masuk Lainnya,2023,5,2023-05-01
Total,Mei,953714.0,Grand Total,2023,5,2023-05-01
A. Pintu Udara,Juni,707476.0,Sub-Total,2023,6,2023-06-01
Ngurah Rai,Juni,478127.0,Pintu Masuk,2023,6,2023-06-01
Soekarno-Hatta,Juni,161114.0,Pintu Masuk,2023,6,2023-06-01
Juanda,Juni,18025.0,Pintu Masuk,2023,6,2023-06-01
Kualanamu,Juni,16527.0,Pintu Masuk,2023,6,2023-06-01
Husein Sastranegara,Juni,24.0,Pintu Masuk,2023,6,2023-06-01
Adi Sucipto,Juni,11188.0,Pintu Masuk,2023,6,2023-06-01
Bandara Int. Lombok,Juni,5721.0,Pintu Masuk,2023,6,2023-06-01
Sam Ratulangi,Juni,3691.0,Pintu Masuk,2023,6,2023-06-01
Minangkabau,Juni,5226.0,Pintu Masuk,2023,6,2023-06-01
Sultan Syarif Kasim II,Juni,2447.0,Pintu Masuk,2023,6,2023-06-01
Sultan Iskandar Muda,Juni,2157.0,Pintu Masuk,2023,6,2023-06-01
Ahmad Yani,Juni,0.0,Pintu Masuk,2023,6,2023-06-01
Supadio,Juni,0.0,Pintu Masuk,2023,6,2023-06-01
Hasanuddin,Juni,1888.0,Pintu Masuk,2023,6,2023-06-01
Sultan Badaruddin II,Juni,0.0,Pintu Masuk,2023,6,2023-06-01
Pintu Udara Lainnya,Juni,1341.0,Pintu Masuk Lainnya,2023,6,2023-06-01
B. Pintu Laut,Juni,276039.0,Sub-Total,2023,6,2023-06-01
Batam,Juni,133616.0,Pintu Masuk,2023,6,2023-06-01
Tanjung Uban,Juni,26345.0,Pintu Masuk,2023,6,2023-06-01
Tanjung Pinang,Juni,6086.0,Pintu Masuk,2023,6,2023-06-01
Tanjung Balai Karimun,Juni,4734.0,Pintu Masuk,2023,6,2023-06-01
Tanjung Benoa,Juni,71.0,Pintu Masuk,2023,6,2023-06-01
Tanjung Mas,Juni,,Pintu Masuk,2023,6,2023-06-01
Pintu Laut Lainnya,Juni,105187.0,Pintu Masuk Lainnya,2023,6,2023-06-01
C. Pintu Darat,Juni,79276.0,Sub-Total,2023,6,2023-06-01
Jayapura,Juni,9933.0,Pintu Masuk,2023,6,2023-06-01
Atambua,Juni,8267.0,Pintu Masuk,2023,6,2023-06-01
Entikong,Juni,2819.0,Pintu Masuk,2023,6,2023-06-01
Aruk,Juni,2755.0,Pintu Masuk,2023,6,2023-06-01
Nanga Badau,Juni,1045.0,Pintu Masuk,2023,6,2023-06-01
Pintu Darat Lainnya,Juni,54457.0,Pintu Masuk Lainnya,2023,6,2023-06-01
Jumlah (A+B+C),Juni,1062791.0,Grand Total,2023,6,2023-06-01
Lainnya,Juni,,Pintu Masuk Lainnya,2023,6,2023-06-01
Total,Juni,1062791.0,Grand Total,2023,6,2023-06-01
A. Pintu Udara,Juli,819496.0,Sub-Total,2023,7,2023-07-01
Ngurah Rai,Juli,541272.0,Pintu Masuk,2023,7,2023-07-01
Soekarno-Hatta,Juli,204000.0,Pintu Masuk,2023,7,2023-07-01
Juanda,Juli,20303.0,Pintu Masuk,2023,7,2023-07-01
Kualanamu,Juli,17478.0,Pintu Masuk,2023,7,2023-07-01
Husein Sastranegara,Juli,3.0,Pintu Masuk,2023,7,2023-07-01
Adi Sucipto,Juli,12444.0,Pintu Masuk,2023,7,2023-07-01
Bandara Int. Lombok,Juli,6433.0,Pintu Masuk,2023,7,2023-07-01
Sam Ratulangi,Juli,3782.0,Pintu Masuk,2023,7,2023-07-01
Minangkabau,Juli,4946.0,Pintu Masuk,2023,7,2023-07-01
Sultan Syarif Kasim II,Juli,2111.0,Pintu Masuk,2023,7,2023-07-01
Sultan Iskandar Muda,Juli,2582.0,Pintu Masuk,2023,7,2023-07-01
Ahmad Yani,Juli,0.0,Pintu Masuk,2023,7,2023-07-01
Supadio,Juli,0.0,Pintu Masuk,2023,7,2023-07-01
Hasanuddin,Juli,1755.0,Pintu Masuk,2023,7,2023-07-01
Sultan Badaruddin II,Juli,11.0,Pintu Masuk,2023,7,2023-07-01
Pintu Udara Lainnya,Juli,2376.0,Pintu Masuk Lainnya,2023,7,2023-07-01
B. Pintu Laut,Juli,225106.0,Sub-Total,2023,7,2023-07-01
Batam,Juli,94373.0,Pintu Masuk,2023,7,2023-07-01
Tanjung Uban,Juli,17619.0,Pintu Masuk,2023,7,2023-07-01
Tanjung Pinang,Juli,4010.0,Pintu Masuk,2023,7,2023-07-01
Tanjung Balai Karimun,Juli,4391.0,Pintu Masuk,2023,7,2023-07-01
Tanjung Benoa,Juli,81.0,Pintu Masuk,2023,7,2023-07-01
Tanjung Mas,Juli,,Pintu Masuk,2023,7,2023-07-01
Pintu Laut Lainnya,Juli,104632.0,Pintu Masuk Lainnya,2023,7,2023-07-01
C. Pintu Darat,Juli,76587.0,Sub-Total,2023,7,2023-07-01
Jayapura,Juli,7723.0,Pintu Masuk,2023,7,2023-07-01
Atambua,Juli,8198.0,Pintu Masuk,2023,7,2023-07-01
Entikong,Juli,2639.0,Pintu Masuk,2023,7,2023-07-01
Aruk,Juli,1832.0,Pintu Masuk,2023,7,2023-07-01
Nanga Badau,Juli,727.0,Pintu Masuk,2023,7,2023-07-01
Pintu Darat Lainnya,Juli,55468.0,Pintu Masuk Lainnya,2023,7,2023-07-01
Jumlah (A+B+C),Juli,1121189.0,Grand Total,2023,7,2023-07-01
Lainnya,Juli,,Pintu Masuk Lainnya,2023,7,2023-07-01
Total,Juli,1121189.0,Grand Total,2023,7,2023-07-01
A. Pintu Udara,Agustus,826446.0,Sub-Total,2023,8,2023-08-01
Ngurah Rai,Agustus,522063.0,Pintu Masuk,2023,8,2023-08-01
Soekarno-Hatta,Agustus,218512.0,Pintu Masuk,2023,8,2023-08-01
Juanda,Agustus,25548.0,Pintu Masuk,2023,8,2023-08-01
Kualanamu,Agustus,20843.0,Pintu Masuk,2023,8,2023-08-01
Husein Sastranegara,Agustus,0.0,Pintu Masuk,2023,8,2023-08-01
Adi Sucipto,Agustus,12974.0,Pintu Masuk,2023,8,2023-08-01
Bandara Int. Lombok,Agustus,6245.0,Pintu Masuk,2023,8,2023-08-01
Sam Ratulangi,Agustus,5397.0,Pintu Masuk,2023,8,2023-08-01
Minangkabau,Agustus,5577.0,Pintu Masuk,2023,8,2023-08-01
Sultan Syarif Kasim II,Agustus,2770.0,Pintu Masuk,2023,8,2023-08-01
Sultan Iskandar Muda,Agustus,3108.0,Pintu Masuk,2023,8,2023-08-01
Ahmad Yani,Agustus,0.0,Pintu Masuk,2023,8,2023-08-01
Supadio,Agustus,0.0,Pintu Masuk,2023,8,2023-08-01
Hasanuddin,Agustus,1609.0,Pintu Masuk,2023,8,2023-08-01
Sultan Badaruddin II,Agustus,4.0,Pintu Masuk,2023,8,2023-08-01
Pintu Udara Lainnya,Agustus,1796.0,Pintu Masuk Lainnya,2023,8,2023-08-01
B. Pintu Laut,Agustus,220199.0,Sub-Total,2023,8,2023-08-01
Batam,Agustus,94601.0,Pintu Masuk,2023,8,2023-08-01
Tanjung Uban,Agustus,19237.0,Pintu Masuk,2023,8,2023-08-01
Tanjung Pinang,Agustus,4222.0,Pintu Masuk,2023,8,2023-08-01
Tanjung Balai Karimun,Agustus,4173.0,Pintu Masuk,2023,8,2023-08-01
Tanjung Benoa,Agustus,78.0,Pintu Masuk,2023,8,2023-08-01
Tanjung Mas,Agustus,,Pintu Masuk,2023,8,2023-08-01
Pintu Laut Lainnya,Agustus,97888.0,Pintu Masuk Lainnya,2023,8,2023-08-01
C. Pintu Darat,Agustus,85993.0,Sub-Total,2023,8,2023-08-01
Jayapura,Agustus,8335.0,Pintu Masuk,2023,8,2023-08-01
Atambua,Agustus,11895.0,Pintu Masuk,2023,8,2023-08-01
Entikong,Agustus,3488.0,Pintu Masuk,2023,8,2023-08-01
Aruk,Agustus,2653.0,Pintu Masuk,2023,8,2023-08-01
Nanga Badau,Agustus,628.0,Pintu Masuk,2023,8,2023-08-01
Pintu Darat Lainnya,Agustus,58994.0,Pintu Masuk Lainnya,2023,8,2023-08-01
Jumlah (A+B+C),Agustus,1132638.0,Grand Total,2023,8,2023-08-01
Lainnya,Agustus,,Pintu Masuk Lainnya,2023,8,2023-08-01
Total,Agustus,1132638.0,Grand Total,2023,8,2023-08-01
A. Pintu Udara,September,777537.0,Sub-Total,2023,9,2023-09-01
Ngurah Rai,September,508297.0,Pintu Masuk,2023,9,2023-09-01
Soekarno-Hatta,September,190058.0,Pintu Masuk,2023,9,2023-09-01
Juanda,September,25593.0,Pintu Masuk,2023,9,2023-09-01
Kualanamu,September,15783.0,Pintu Masuk,2023,9,2023-09-01
Husein Sastranegara,September,0.0,Pintu Masuk,2023,9,2023-09-01
Adi Sucipto,September,11855.0,Pintu Masuk,2023,9,2023-09-01
Bandara Int. Lombok,September,6294.0,Pintu Masuk,2023,9,2023-09-01
Sam Ratulangi,September,5922.0,Pintu Masuk,2023,9,2023-09-01
Minangkabau,September,5453.0,Pintu Masuk,2023,9,2023-09-01
Sultan Syarif Kasim II,September,2166.0,Pintu Masuk,2023,9,2023-09-01
Sultan Iskandar Muda,September,2481.0,Pintu Masuk,2023,9,2023-09-01
Ahmad Yani,September,8.0,Pintu Masuk,2023,9,2023-09-01
Supadio,September,0.0,Pintu Masuk,2023,9,2023-09-01
Hasanuddin,September,1787.0,Pintu Masuk,2023,9,2023-09-01
Sultan Badaruddin II,September,0.0,Pintu Masuk,2023,9,2023-09-01
Pintu Udara Lainnya,September,1840.0,Pintu Masuk Lainnya,2023,9,2023-09-01
B. Pintu Laut,September,212770.0,Sub-Total,2023,9,2023-09-01
Batam,September,101470.0,Pintu Masuk,2023,9,2023-09-01
Tanjung Uban,September,20542.0,Pintu Masuk,2023,9,2023-09-01
Tanjung Pinang,September,4827.0,Pintu Masuk,2023,9,2023-09-01
Tanjung Balai Karimun,September,4345.0,Pintu Masuk,2023,9,2023-09-01
Tanjung Benoa,September,53.0,Pintu Masuk,2023,9,2023-09-01
Tanjung Mas,September,,Pintu Masuk,2023,9,2023-09-01
Pintu Laut Lainnya,September,81533.0,Pintu Masuk Lainnya,2023,9,2023-09-01
C. Pintu Darat,September,79938.0,Sub-Total,2023,9,2023-09-01
Jayapura,September,8408.0,Pintu Masuk,2023,9,2023-09-01
Atambua,September,8942.0,Pintu Masuk,2023,9,2023-09-01
Entikong,September,2418.0,Pintu Masuk,2023,9,2023-09-01
Aruk,September,1878.0,Pintu Masuk,2023,9,2023-09-01
Nanga Badau,September,680.0,Pintu Masuk,2023,9,2023-09-01
Pintu Darat Lainnya,September,57612.0,Pintu Masuk Lainnya,2023,9,2023-09-01
Jumlah (A+B+C),September,1070245.0,Grand Total,2023,9,2023-09-01
Lainnya,September,,Pintu Masuk Lainnya,2023,9,2023-09-01
Total,September,1070245.0,Grand Total,2023,9,2023-09-01
A. Pintu Udara,Oktober,707584.0,Sub-Total,2023,10,2023-10-01
Ngurah Rai,Oktober,458845.0,Pintu Masuk,2023,10,2023-10-01
Soekarno-Hatta,Oktober,181627.0,Pintu Masuk,2023,10,2023-10-01
Juanda,Oktober,21996.0,Pintu Masuk,2023,10,2023-10-01
Kualanamu,Oktober,14161.0,Pintu Masuk,2023,10,2023-10-01
Husein Sastranegara,Oktober,0.0,Pintu Masuk,2023,10,2023-10-01
Adi Sucipto,Oktober,8536.0,Pintu Masuk,2023,10,2023-10-01
Bandara Int. Lombok,Oktober,5904.0,Pintu Masuk,2023,10,2023-10-01
Sam Ratulangi,Oktober,4645.0,Pintu Masuk,2023,10,2023-10-01
Minangkabau,Oktober,4925.0,Pintu Masuk,2023,10,2023-10-01
Sultan Syarif Kasim II,Oktober,2377.0,Pintu Masuk,2023,10,2023-10-01
Sultan Iskandar Muda,Oktober,1875.0,Pintu Masuk,2023,10,2023-10-01
Ahmad Yani,Oktober,0.0,Pintu Masuk,2023,10,2023-10-01
Supadio,Oktober,0.0,Pintu Masuk,2023,10,2023-10-01
Hasanuddin,Oktober,1175.0,Pintu Masuk,2023,10,2023-10-01
Sultan Badaruddin II,Oktober,0.0,Pintu Masuk,2023,10,2023-10-01
Pintu Udara Lainnya,Oktober,1518.0,Pintu Masuk Lainnya,2023,10,2023-10-01
B. Pintu Laut,Oktober,186161.0,Sub-Total,2023,10,2023-10-01
Batam,Oktober,79646.0,Pintu Masuk,2023,10,2023-10-01
Tanjung Uban,Oktober,16838.0,Pintu Masuk,2023,10,2023-10-01
Tanjung Pinang,Oktober,5065.0,Pintu Masuk,2023,10,2023-10-01
Tanjung Balai Karimun,Oktober,4298.0,Pintu Masuk,2023,10,2023-10-01
Tanjung Benoa,Oktober,2596.0,Pintu Masuk,2023,10,2023-10-01
Tanjung Mas,Oktober,,Pintu Masuk,2023,10,2023-10-01
Pintu Laut Lainnya,Oktober,77718.0,Pintu Masuk Lainnya,2023,10,2023-10-01
C. Pintu Darat,Oktober,84774.0,Sub-Total,2023,10,2023-10-01
Jayapura,Oktober,9174.0,Pintu Masuk,2023,10,2023-10-01
Atambua,Oktober,9700.0,Pintu Masuk,2023,10,2023-10-01
Entikong,Oktober,2274.0,Pintu Masuk,2023,10,2023-10-01
Aruk,Oktober,1721.0,Pintu Masuk,2023,10,2023-10-01
Nanga Badau,Oktober,674.0,Pintu Masuk,2023,10,2023-10-01
Pintu Darat Lainnya,Oktober,61231.0,Pintu Masuk Lainnya,2023,10,2023-10-01
Jumlah (A+B+C),Oktober,978519.0,Grand Total,2023,10,2023-10-01
Lainnya,Oktober,,Pintu Masuk Lainnya,2023,10,2023-10-01
Total,Oktober,978519.0,Grand Total,2023,10,2023-10-01
A. Pintu Udara,November,656709.0,Sub-Total,2023,11,2023-11-01
Ngurah Rai,November,397522.0,Pintu Masuk,2023,11,2023-11-01
Soekarno-Hatta,November,186695.0,Pintu Masuk,2023,11,2023-11-01
Juanda,November,22389.0,Pintu Masuk,2023,11,2023-11-01
Kualanamu,November,16363.0,Pintu Masuk,2023,11,2023-11-01
Husein Sastranegara,November,0.0,Pintu Masuk,2023,11,2023-11-01
Adi Sucipto,November,9675.0,Pintu Masuk,2023,11,2023-11-01
Bandara Int. Lombok,November,5278.0,Pintu Masuk,2023,11,2023-11-01
Sam Ratulangi,November,4611.0,Pintu Masuk,2023,11,2023-11-01
Minangkabau,November,5898.0,Pintu Masuk,2023,11,2023-11-01
Sultan Syarif Kasim II,November,2921.0,Pintu Masuk,2023,11,2023-11-01
Sultan Iskandar Muda,November,2577.0,Pintu Masuk,2023,11,2023-11-01
Ahmad Yani,November,0.0,Pintu Masuk,2023,11,2023-11-01
Supadio,November,0.0,Pintu Masuk,2023,11,2023-11-01
Hasanuddin,November,1194.0,Pintu Masuk,2023,11,2023-11-01
Sultan Badaruddin II,November,1.0,Pintu Masuk,2023,11,2023-11-01
Pintu Udara Lainnya,November,1585.0,Pintu Masuk Lainnya,2023,11,2023-11-01
B. Pintu Laut,November,190258.0,Sub-Total,2023,11,2023-11-01
Batam,November,103497.0,Pintu Masuk,2023,11,2023-11-01
Tanjung Uban,November,16544.0,Pintu Masuk,2023,11,2023-11-01
Tanjung Pinang,November,5912.0,Pintu Masuk,2023,11,2023-11-01
Tanjung Balai Karimun,November,4683.0,Pintu Masuk,2023,11,2023-11-01
Tanjung Benoa,November,5632.0,Pintu Masuk,2023,11,2023-11-01
Tanjung Mas,November,,Pintu Masuk,2023,11,2023-11-01
Pintu Laut Lainnya,November,53990.0,Pintu Masuk Lainnya,2023,11,2023-11-01
C. Pintu Darat,November,84260.0,Sub-Total,2023,11,2023-11-01
Jayapura,November,3729.0,Pintu Masuk,2023,11,2023-11-01
Atambua,November,8838.0,Pintu Masuk,2023,11,2023-11-01
Entikong,November,2364.0,Pintu Masuk,2023,11,2023-11-01
Aruk,November,1790.0,Pintu Masuk,2023,11,2023-11-01
Nanga Badau,November,724.0,Pintu Masuk,2023,11,2023-11-01
Pintu Darat Lainnya,November,66815.0,Pintu Masuk Lainnya,2023,11,2023-11-01
Jumlah (A+B+C),November,931227.0,Grand Total,2023,11,2023-11-01
Lainnya,November,,Pintu Masuk Lainnya,2023,11,2023-11-01
Total,November,931227.0,Grand Total,2023,11,2023-11-01
A. Pintu Udara,Desember,731293.0,Sub-Total,2023,12,2023-12-01
Ngurah Rai,Desember,478382.0,Pintu Masuk,2023,12,2023-12-01
Soekarno-Hatta,Desember,172397.0,Pintu Masuk,2023,12,2023-12-01
Juanda,Desember,23244.0,Pintu Masuk,2023,12,2023-12-01
Kualanamu,Desember,18237.0,Pintu Masuk,2023,12,2023-12-01
Husein Sastranegara,Desember,0.0,Pintu Masuk,2023,12,2023-12-01
Adi Sucipto,Desember,11338.0,Pintu Masuk,2023,12,2023-12-01
Bandara Int. Lombok,Desember,7304.0,Pintu Masuk,2023,12,2023-12-01
Sam Ratulangi,Desember,3917.0,Pintu Masuk,2023,12,2023-12-01
Minangkabau,Desember,6710.0,Pintu Masuk,2023,12,2023-12-01
Sultan Syarif Kasim II,Desember,2964.0,Pintu Masuk,2023,12,2023-12-01
Sultan Iskandar Muda,Desember,3461.0,Pintu Masuk,2023,12,2023-12-01
Ahmad Yani,Desember,0.0,Pintu Masuk,2023,12,2023-12-01
Supadio,Desember,2.0,Pintu Masuk,2023,12,2023-12-01
Hasanuddin,Desember,1500.0,Pintu Masuk,2023,12,2023-12-01
Sultan Badaruddin II,Desember,6.0,Pintu Masuk,2023,12,2023-12-01
Pintu Udara Lainnya,Desember,1831.0,Pintu Masuk Lainnya,2023,12,2023-12-01
B. Pintu Laut,Desember,291763.0,Sub-Total,2023,12,2023-12-01
Batam,Desember,149218.0,Pintu Masuk,2023,12,2023-12-01
Tanjung Uban,Desember,26205.0,Pintu Masuk,2023,12,2023-12-01
Tanjung Pinang,Desember,7022.0,Pintu Masuk,2023,12,2023-12-01
Tanjung Balai Karimun,Desember,6634.0,Pintu Masuk,2023,12,2023-12-01
Tanjung Benoa,Desember,801.0,Pintu Masuk,2023,12,2023-12-01
Tanjung Mas,Desember,,Pintu Masuk,2023,12,2023-12-01
Pintu Laut Lainnya,Desember,101883.0,Pintu Masuk Lainnya,2023,12,2023-12-01
C. Pintu Darat,Desember,121486.0,Sub-Total,2023,12,2023-12-01
Jayapura,Desember,11445.0,Pintu Masuk,2023,12,2023-12-01
Atambua,Desember,12678.0,Pintu Masuk,2023,12,2023-12-01
Entikong,Desember,4522.0,Pintu Masuk,2023,12,2023-12-01
Aruk,Desember,3605.0,Pintu Masuk,2023,12,2023-12-01
Nanga Badau,Desember,1363.0,Pintu Masuk,2023,12,2023-12-01
Pintu Darat Lainnya,Desember,87873.0,Pintu Masuk Lainnya,2023,12,2023-12-01
Jumlah (A+B+C),Desember,1144542.0,Grand Total,2023,12,2023-12-01
Lainnya,Desember,,Pintu Masuk Lainnya,2023,12,2023-12-01
Total,Desember,1144542.0,Grand Total,2023,12,2023-12-01
A. Pintu Udara,Januari,631961.0,Sub-Total,2024,1,2024-01-01
Ngurah Rai,Januari,414937.0,Pintu Masuk,2024,1,2024-01-01
Soekarno-Hatta,Januari,157979.0,Pintu Masuk,2024,1,2024-01-01
Juanda,Januari,17196.0,Pintu Masuk,2024,1,2024-01-01
Kualanamu,Januari,14751.0,Pintu Masuk,2024,1,2024-01-01
Husein Sastranegara,Januari,0.0,Pintu Masuk,2024,1,2024-01-01
Adi Sucipto,Januari,6879.0,Pintu Masuk,2024,1,2024-01-01
Bandara Int. Lombok,Januari,4958.0,Pintu Masuk,2024,1,2024-01-01
Sam Ratulangi,Januari,3384.0,Pintu Masuk,2024,1,2024-01-01
Minangkabau,Januari,4689.0,Pintu Masuk,2024,1,2024-01-01
Sultan Syarif Kasim II,Januari,2126.0,Pintu Masuk,2024,1,2024-01-01
Sultan Iskandar Muda,Januari,2379.0,Pintu Masuk,2024,1,2024-01-01
Ahmad Yani,Januari,0.0,Pintu Masuk,2024,1,2024-01-01
Supadio,Januari,0.0,Pintu Masuk,2024,1,2024-01-01
Hasanuddin,Januari,742.0,Pintu Masuk,2024,1,2024-01-01
Sultan Badaruddin II,Januari,0.0,Pintu Masuk,2024,1,2024-01-01
Pintu Udara Lainnya,Januari,1941.0,Pintu Masuk Lainnya,2024,1,2024-01-01
B. Pintu Laut,Januari,198072.0,Sub-Total,2024,1,2024-01-01
Batam,Januari,77836.0,Pintu Masuk,2024,1,2024-01-01
Tanjung Uban,Januari,11442.0,Pintu Masuk,2024,1,2024-01-01
Tanjung Pinang,Januari,2803.0,Pintu Masuk,2024,1,2024-01-01
Tanjung Balai Karimun,Januari,4050.0,Pintu Masuk,2024,1,2024-01-01
Tanjung Benoa,Januari,853.0,Pintu Masuk,2024,1,2024-01-01
Tanjung Mas,Januari,0.0,Pintu Masuk,2024,1,2024-01-01
Pintu Laut Lainnya,Januari,101088.0,Pintu Masuk Lainnya,2024,1,2024-01-01
C. Pintu Darat,Januari,97713.0,Sub-Total,2024,1,2024-01-01
Jayapura,Januari,8254.0,Pintu Masuk,2024,1,2024-01-01
Atambua,Januari,8426.0,Pintu Masuk,2024,1,2024-01-01
Entikong,Januari,2366.0,Pintu Masuk,2024,1,2024-01-01
Aruk,Januari,1733.0,Pintu Masuk,2024,1,2024-01-01
Nanga Badau,Januari,687.0,Pintu Masuk,2024,1,2024-01-01
Pintu Darat Lainnya,Januari,76247.0,Pintu Masuk Lainnya,2024,1,2024-01-01
Jumlah (A+B+C),Januari,927746.0,Grand Total,2024,1,2024-01-01
Lainnya,Januari,,Pintu Masuk Lainnya,2024,1,2024-01-01
Total,Januari,927746.0,Grand Total,2024,1,2024-01-01
A. Pintu Udara,Februari,735072.0,Sub-Total,2024,2,2024-02-01
Ngurah Rai,Februari,454398.0,Pintu Masuk,2024,2,2024-02-01
Soekarno-Hatta,Februari,187641.0,Pintu Masuk,2024,2,2024-02-01
Juanda,Februari,28026.0,Pintu Masuk,2024,2,2024-02-01
Kualanamu,Februari,24628.0,Pintu Masuk,2024,2,2024-02-01
Husein Sastranegara,Februari,0.0,Pintu Masuk,2024,2,2024-02-01
Adi Sucipto,Februari,9813.0,Pintu Masuk,2024,2,2024-02-01
Bandara Int. Lombok,Februari,7748.0,Pintu Masuk,2024,2,2024-02-01
Sam Ratulangi,Februari,2615.0,Pintu Masuk,2024,2,2024-02-01
Minangkabau,Februari,8229.0,Pintu Masuk,2024,2,2024-02-01
Sultan Syarif Kasim II,Februari,3709.0,Pintu Masuk,2024,2,2024-02-01
Sultan Iskandar Muda,Februari,4421.0,Pintu Masuk,2024,2,2024-02-01
Ahmad Yani,Februari,2.0,Pintu Masuk,2024,2,2024-02-01
Supadio,Februari,0.0,Pintu Masuk,2024,2,2024-02-01
Hasanuddin,Februari,1408.0,Pintu Masuk,2024,2,2024-02-01
Sultan Badaruddin II,Februari,2.0,Pintu Masuk,2024,2,2024-02-01
Pintu Udara Lainnya,Februari,2432.0,Pintu Masuk Lainnya,2024,2,2024-02-01
B. Pintu Laut,Februari,239718.0,Sub-Total,2024,2,2024-02-01
Batam,Februari,111758.0,Pintu Masuk,2024,2,2024-02-01
Tanjung Uban,Februari,18432.0,Pintu Masuk,2024,2,2024-02-01
Tanjung Pinang,Februari,5921.0,Pintu Masuk,2024,2,2024-02-01
Tanjung Balai Karimun,Februari,7747.0,Pintu Masuk,2024,2,2024-02-01
Tanjung Benoa,Februari,879.0,Pintu Masuk,2024,2,2024-02-01
Tanjung Mas,Februari,0.0,Pintu Masuk,2024,2,2024-02-01
Pintu Laut Lainnya,Februari,94981.0,Pintu Masuk Lainnya,2024,2,2024-02-01
C. Pintu Darat,Februari,87359.0,Sub-Total,2024,2,2024-02-01
Jayapura,Februari,6903.0,Pintu Masuk,2024,2,2024-02-01
Atambua,Februari,7423.0,Pintu Masuk,2024,2,2024-02-01
Entikong,Februari,4380.0,Pintu Masuk,2024,2,2024-02-01
Aruk,Februari,4433.0,Pintu Masuk,2024,2,2024-02-01
Nanga Badau,Februari,950.0,Pintu Masuk,2024,2,2024-02-01
Pintu Darat Lainnya,Februari,63270.0,Pintu Masuk Lainnya,2024,2,2024-02-01
Jumlah (A+B+C),Februari,1062149.0,Grand Total,2024,2,2024-02-01
Lainnya,Februari,,Pintu Masuk Lainnya,2024,2,2024-02-01
Total,Februari,1062149.0,Grand Total,2024,2,2024-02-01
A. Pintu Udara,Maret,682439.0,Sub-Total,2024,3,2024-03-01
Ngurah Rai,Maret,463804.0,Pintu Masuk,2024,3,2024-03-01
Soekarno-Hatta,Maret,160917.0,Pintu Masuk,2024,3,2024-03-01
Juanda,Maret,18543.0,Pintu Masuk,2024,3,2024-03-01
Kualanamu,Maret,15068.0,Pintu Masuk,2024,3,2024-03-01
Husein Sastranegara,Maret,0.0,Pintu Masuk,2024,3,2024-03-01
Adi Sucipto,Maret,6258.0,Pintu Masuk,2024,3,2024-03-01
Bandara Int. Lombok,Maret,5208.0,Pintu Masuk,2024,3,2024-03-01
Sam Ratulangi,Maret,4045.0,Pintu Masuk,2024,3,2024-03-01
Minangkabau,Maret,2976.0,Pintu Masuk,2024,3,2024-03-01
Sultan Syarif Kasim II,Maret,2081.0,Pintu Masuk,2024,3,2024-03-01
Sultan Iskandar Muda,Maret,1582.0,Pintu Masuk,2024,3,2024-03-01
Ahmad Yani,Maret,0.0,Pintu Masuk,2024,3,2024-03-01
Supadio,Maret,0.0,Pintu Masuk,2024,3,2024-03-01
Hasanuddin,Maret,579.0,Pintu Masuk,2024,3,2024-03-01
Sultan Badaruddin II,Maret,2.0,Pintu Masuk,2024,3,2024-03-01
Pintu Udara Lainnya,Maret,1376.0,Pintu Masuk Lainnya,2024,3,2024-03-01
B. Pintu Laut,Maret,252013.0,Sub-Total,2024,3,2024-03-01
Batam,Maret,104191.0,Pintu Masuk,2024,3,2024-03-01
Tanjung Uban,Maret,20741.0,Pintu Masuk,2024,3,2024-03-01
Tanjung Pinang,Maret,4868.0,Pintu Masuk,2024,3,2024-03-01
Tanjung Balai Karimun,Maret,5039.0,Pintu Masuk,2024,3,2024-03-01
Tanjung Benoa,Maret,5423.0,Pintu Masuk,2024,3,2024-03-01
Tanjung Mas,Maret,0.0,Pintu Masuk,2024,3,2024-03-01
Pintu Laut Lainnya,Maret,111751.0,Pintu Masuk Lainnya,2024,3,2024-03-01
C. Pintu Darat,Maret,107409.0,Sub-Total,2024,3,2024-03-01
Jayapura,Maret,6515.0,Pintu Masuk,2024,3,2024-03-01
Atambua,Maret,8958.0,Pintu Masuk,2024,3,2024-03-01
Entikong,Maret,2540.0,Pintu Masuk,2024,3,2024-03-01
Aruk,Maret,2400.0,Pintu Masuk,2024,3,2024-03-01
Nanga Badau,Maret,965.0,Pintu Masuk,2024,3,2024-03-01
Pintu Darat Lainnya,Maret,86031.0,Pintu Masuk Lainnya,2024,3,2024-03-01
Jumlah (A+B+C),Maret,1041861.0,Grand Total,2024,3,2024-03-01
Lainnya,Maret,,Pintu Masuk Lainnya,2024,3,2024-03-01
Total,Maret,1041861.0,Grand Total,2024,3,2024-03-01
A. Pintu Udara,April,750085.0,Sub-Total,2024,4,2024-04-01
Ngurah Rai,April,502870.0,Pintu Masuk,2024,4,2024-04-01
Soekarno-Hatta,April,157409.0,Pintu Masuk,2024,4,2024-04-01
Juanda,April,29043.0,Pintu Masuk,2024,4,2024-04-01
Kualanamu,April,25178.0,Pintu Masuk,2024,4,2024-04-01
Husein Sastranegara,April,0.0,Pintu Masuk,2024,4,2024-04-01
Adi Sucipto,April,8790.0,Pintu Masuk,2024,4,2024-04-01
Bandara Int. Lombok,April,6536.0,Pintu Masuk,2024,4,2024-04-01
Sam Ratulangi,April,3451.0,Pintu Masuk,2024,4,2024-04-01
Minangkabau,April,7166.0,Pintu Masuk,2024,4,2024-04-01
Sultan Syarif Kasim II,April,3996.0,Pintu Masuk,2024,4,2024-04-01
Sultan Iskandar Muda,April,2533.0,Pintu Masuk,2024,4,2024-04-01
Ahmad Yani,April,0.0,Pintu Masuk,2024,4,2024-04-01
Supadio,April,0.0,Pintu Masuk,2024,4,2024-04-01
Hasanuddin,April,1402.0,Pintu Masuk,2024,4,2024-04-01
Sultan Badaruddin II,April,0.0,Pintu Masuk,2024,4,2024-04-01
Pintu Udara Lainnya,April,1711.0,Pintu Masuk Lainnya,2024,4,2024-04-01
B. Pintu Laut,April,211716.0,Sub-Total,2024,4,2024-04-01
Batam,April,78674.0,Pintu Masuk,2024,4,2024-04-01
Tanjung Uban,April,14202.0,Pintu Masuk,2024,4,2024-04-01
Tanjung Pinang,April,2614.0,Pintu Masuk,2024,4,2024-04-01
Tanjung Balai Karimun,April,6899.0,Pintu Masuk,2024,4,2024-04-01
Tanjung Benoa,April,324.0,Pintu Masuk,2024,4,2024-04-01
Tanjung Mas,April,0.0,Pintu Masuk,2024,4,2024-04-01
Pintu Laut Lainnya,April,109003.0,Pintu Masuk Lainnya,2024,4,2024-04-01
C. Pintu Darat,April,105157.0,Sub-Total,2024,4,2024-04-01
Jayapura,April,7129.0,Pintu Masuk,2024,4,2024-04-01
Atambua,April,9209.0,Pintu Masuk,2024,4,2024-04-01
Entikong,April,4042.0,Pintu Masuk,2024,4,2024-04-01
Aruk,April,3521.0,Pintu Masuk,2024,4,2024-04-01
Nanga Badau,April,486.0,Pintu Masuk,2024,4,2024-04-01
Pintu Darat Lainnya,April,80770.0,Pintu Masuk Lainnya,2024,4,2024-04-01
Jumlah (A+B+C),April,1066958.0,Grand Total,2024,4,2024-04-01
Lainnya,April,,Pintu Masuk Lainnya,2024,4,2024-04-01
Total,April,1066958.0,Grand Total,2024,4,2024-04-01
A. Pintu Udara,Mei,835722.0,Sub-Total,2024,5,2024-05-01
Ngurah Rai,Mei,544492.0,Pintu Masuk,2024,5,2024-05-01
Soekarno-Hatta,Mei,201574.0,Pintu Masuk,2024,5,2024-05-01
Juanda,Mei,31222.0,Pintu Masuk,2024,5,2024-05-01
Kualanamu,Mei,20469.0,Pintu Masuk,2024,5,2024-05-01
Husein Sastranegara,Mei,0.0,Pintu Masuk,2024,5,2024-05-01
Adi Sucipto,Mei,11323.0,Pintu Masuk,2024,5,2024-05-01
Bandara Int. Lombok,Mei,7742.0,Pintu Masuk,2024,5,2024-05-01
Sam Ratulangi,Mei,3427.0,Pintu Masuk,2024,5,2024-05-01
Minangkabau,Mei,7107.0,Pintu Masuk,2024,5,2024-05-01
Sultan Syarif Kasim II,Mei,2849.0,Pintu Masuk,2024,5,2024-05-01
Sultan Iskandar Muda,Mei,2050.0,Pintu Masuk,2024,5,2024-05-01
Ahmad Yani,Mei,0.0,Pintu Masuk,2024,5,2024-05-01
Supadio,Mei,0.0,Pintu Masuk,2024,5,2024-05-01
Hasanuddin,Mei,1066.0,Pintu Masuk,2024,5,2024-05-01
Sultan Badaruddin II,Mei,5.0,Pintu Masuk,2024,5,2024-05-01
Pintu Udara Lainnya,Mei,2396.0,Pintu Masuk Lainnya,2024,5,2024-05-01
B. Pintu Laut,Mei,212718.0,Sub-Total,2024,5,2024-05-01
Batam,Mei,99404.0,Pintu Masuk,2024,5,2024-05-01
Tanjung Uban,Mei,14974.0,Pintu Masuk,2024,5,2024-05-01
Tanjung Pinang,Mei,3904.0,Pintu Masuk,2024,5,2024-05-01
Tanjung Balai Karimun,Mei,5292.0,Pintu Masuk,2024,5,2024-05-01
Tanjung Benoa,Mei,109.0,Pintu Masuk,2024,5,2024-05-01
Tanjung Mas,Mei,0.0,Pintu Masuk,2024,5,2024-05-01
Pintu Laut Lainnya,Mei,89035.0,Pintu Masuk Lainnya,2024,5,2024-05-01
C. Pintu Darat,Mei,97059.0,Sub-Total,2024,5,2024-05-01
Jayapura,Mei,7305.0,Pintu Masuk,2024,5,2024-05-01
Atambua,Mei,9670.0,Pintu Masuk,2024,5,2024-05-01
Entikong,Mei,3737.0,Pintu Masuk,2024,5,2024-05-01
Aruk,Mei,2225.0,Pintu Masuk,2024,5,2024-05-01
Nanga Badau,Mei,833.0,Pintu Masuk,2024,5,2024-05-01
Pintu Darat Lainnya,Mei,73289.0,Pintu Masuk Lainnya,2024,5,2024-05-01
Jumlah (A+B+C),Mei,1145499.0,Grand Total,2024,5,2024-05-01
Lainnya,Mei,,Pintu Masuk Lainnya,2024,5,2024-05-01
Total,Mei,1145499.0,Grand Total,2024,5,2024-05-01
A. Pintu Udara,Juni,821654.0,Sub-Total,2024,6,2024-06-01
Ngurah Rai,Juni,520792.0,Pintu Masuk,2024,6,2024-06-01
Soekarno-Hatta,Juni,225985.0,Pintu Masuk,2024,6,2024-06-01
Juanda,Juni,25015.0,Pintu Masuk,2024,6,2024-06-01
Kualanamu,Juni,16949.0,Pintu Masuk,2024,6,2024-06-01
Husein Sastranegara,Juni,0.0,Pintu Masuk,2024,6,2024-06-01
Adi Sucipto,Juni,8134.0,Pintu Masuk,2024,6,2024-06-01
Bandara Int. Lombok,Juni,6893.0,Pintu Masuk,2024,6,2024-06-01
Sam Ratulangi,Juni,3424.0,Pintu Masuk,2024,6,2024-06-01
Minangkabau,Juni,4561.0,Pintu Masuk,2024,6,2024-06-01
Sultan Syarif Kasim II,Juni,4637.0,Pintu Masuk,2024,6,2024-06-01
Sultan Iskandar Muda,Juni,2080.0,Pintu Masuk,2024,6,2024-06-01
Ahmad Yani,Juni,0.0,Pintu Masuk,2024,6,2024-06-01
Supadio,Juni,0.0,Pintu Masuk,2024,6,2024-06-01
Hasanuddin,Juni,1092.0,Pintu Masuk,2024,6,2024-06-01
Sultan Badaruddin II,Juni,0.0,Pintu Masuk,2024,6,2024-06-01
Pintu Udara Lainnya,Juni,2092.0,Pintu Masuk Lainnya,2024,6,2024-06-01
B. Pintu Laut,Juni,261165.0,Sub-Total,2024,6,2024-06-01
Batam,Juni,130714.0,Pintu Masuk,2024,6,2024-06-01
Tanjung Uban,Juni,22829.0,Pintu Masuk,2024,6,2024-06-01
Tanjung Pinang,Juni,6135.0,Pintu Masuk,2024,6,2024-06-01
Tanjung Balai Karimun,Juni,6436.0,Pintu Masuk,2024,6,2024-06-01
Tanjung Benoa,Juni,106.0,Pintu Masuk,2024,6,2024-06-01
Tanjung Mas,Juni,0.0,Pintu Masuk,2024,6,2024-06-01
Pintu Laut Lainnya,Juni,94945.0,Pintu Masuk Lainnya,2024,6,2024-06-01
C. Pintu Darat,Juni,115122.0,Sub-Total,2024,6,2024-06-01
Jayapura,Juni,8577.0,Pintu Masuk,2024,6,2024-06-01
Atambua,Juni,11141.0,Pintu Masuk,2024,6,2024-06-01
Entikong,Juni,2819.0,Pintu Masuk,2024,6,2024-06-01
Aruk,Juni,2878.0,Pintu Masuk,2024,6,2024-06-01
Nanga Badau,Juni,1028.0,Pintu Masuk,2024,6,2024-06-01
Pintu Darat Lainnya,Juni,88679.0,Pintu Masuk Lainnya,2024,6,2024-06-01
Jumlah (A+B+C),Juni,1197941.0,Grand Total,2024,6,2024-06-01
Lainnya,Juni,,Pintu Masuk Lainnya,2024,6,2024-06-01
Total,Juni,1197941.0,Grand Total,2024,6,2024-06-01
A. Pintu Udara,Juli,994583.0,Sub-Total,2024,7,2024-07-01
Ngurah Rai,Juli,625569.0,Pintu Masuk,2024,7,2024-07-01
Soekarno-Hatta,Juli,271680.0,Pintu Masuk,2024,7,2024-07-01
Juanda,Juli,34446.0,Pintu Masuk,2024,7,2024-07-01
Kualanamu,Juli,22693.0,Pintu Masuk,2024,7,2024-07-01
Husein Sastranegara,Juli,22.0,Pintu Masuk,2024,7,2024-07-01
Adi Sucipto,Juli,11120.0,Pintu Masuk,2024,7,2024-07-01
Bandara Int. Lombok,Juli,8652.0,Pintu Masuk,2024,7,2024-07-01
Sam Ratulangi,Juli,4743.0,Pintu Masuk,2024,7,2024-07-01
Minangkabau,Juli,5936.0,Pintu Masuk,2024,7,2024-07-01
Sultan Syarif Kasim II,Juli,2516.0,Pintu Masuk,2024,7,2024-07-01
Sultan Iskandar Muda,Juli,2489.0,Pintu Masuk,2024,7,2024-07-01
Ahmad Yani,Juli,0.0,Pintu Masuk,2024,7,2024-07-01
Supadio,Juli,0.0,Pintu Masuk,2024,7,2024-07-01
Hasanuddin,Juli,1532.0,Pintu Masuk,2024,7,2024-07-01
Sultan Badaruddin II,Juli,15.0,Pintu Masuk,2024,7,2024-07-01
Pintu Udara Lainnya,Juli,3170.0,Pintu Masuk Lainnya,2024,7,2024-07-01
B. Pintu Laut,Juli,212433.0,Sub-Total,2024,7,2024-07-01
Batam,Juli,100295.0,Pintu Masuk,2024,7,2024-07-01
Tanjung Uban,Juli,16210.0,Pintu Masuk,2024,7,2024-07-01
Tanjung Pinang,Juli,3573.0,Pintu Masuk,2024,7,2024-07-01
Tanjung Balai Karimun,Juli,5476.0,Pintu Masuk,2024,7,2024-07-01
Tanjung Benoa,Juli,95.0,Pintu Masuk,2024,7,2024-07-01
Tanjung Mas,Juli,0.0,Pintu Masuk,2024,7,2024-07-01
Pintu Laut Lainnya,Juli,86784.0,Pintu Masuk Lainnya,2024,7,2024-07-01
C. Pintu Darat,Juli,103740.0,Sub-Total,2024,7,2024-07-01
Jayapura,Juli,8544.0,Pintu Masuk,2024,7,2024-07-01
Atambua,Juli,11847.0,Pintu Masuk,2024,7,2024-07-01
Entikong,Juli,3204.0,Pintu Masuk,2024,7,2024-07-01
Aruk,Juli,2926.0,Pintu Masuk,2024,7,2024-07-01
Nanga Badau,Juli,940.0,Pintu Masuk,2024,7,2024-07-01
Pintu Darat Lainnya,Juli,76279.0,Pintu Masuk Lainnya,2024,7,2024-07-01
Jumlah (A+B+C),Juli,1310756.0,Grand Total,2024,7,2024-07-01
Lainnya,Juli,,Pintu Masuk Lainnya,2024,7,2024-07-01
Total,Juli,1310756.0,Grand Total,2024,7,2024-07-01
A. Pintu Udara,Agustus,987547.0,Sub-Total,2024,8,2024-08-01
Ngurah Rai,Agustus,613540.0,Pintu Masuk,2024,8,2024-08-01
Soekarno-Hatta,Agustus,272849.0,Pintu Masuk,2024,8,2024-08-01
Juanda,Agustus,38587.0,Pintu Masuk,2024,8,2024-08-01
Kualanamu,Agustus,21930.0,Pintu Masuk,2024,8,2024-08-01
Husein Sastranegara,Agustus,0.0,Pintu Masuk,2024,8,2024-08-01
Adi Sucipto,Agustus,10136.0,Pintu Masuk,2024,8,2024-08-01
Bandara Int. Lombok,Agustus,8122.0,Pintu Masuk,2024,8,2024-08-01
Sam Ratulangi,Agustus,4436.0,Pintu Masuk,2024,8,2024-08-01
Minangkabau,Agustus,6685.0,Pintu Masuk,2024,8,2024-08-01
Sultan Syarif Kasim II,Agustus,3940.0,Pintu Masuk,2024,8,2024-08-01
Sultan Iskandar Muda,Agustus,3042.0,Pintu Masuk,2024,8,2024-08-01
Ahmad Yani,Agustus,0.0,Pintu Masuk,2024,8,2024-08-01
Supadio,Agustus,0.0,Pintu Masuk,2024,8,2024-08-01
Hasanuddin,Agustus,1427.0,Pintu Masuk,2024,8,2024-08-01
Sultan Badaruddin II,Agustus,11.0,Pintu Masuk,2024,8,2024-08-01
Pintu Udara Lainnya,Agustus,2842.0,Pintu Masuk Lainnya,2024,8,2024-08-01
B. Pintu Laut,Agustus,248758.0,Sub-Total,2024,8,2024-08-01
Batam,Agustus,119550.0,Pintu Masuk,2024,8,2024-08-01
Tanjung Uban,Agustus,20655.0,Pintu Masuk,2024,8,2024-08-01
Tanjung Pinang,Agustus,5948.0,Pintu Masuk,2024,8,2024-08-01
Tanjung Balai Karimun,Agustus,6555.0,Pintu Masuk,2024,8,2024-08-01
Tanjung Benoa,Agustus,3100.0,Pintu Masuk,2024,8,2024-08-01
Tanjung Mas,Agustus,0.0,Pintu Masuk,2024,8,2024-08-01
Pintu Laut Lainnya,Agustus,92950.0,Pintu Masuk Lainnya,2024,8,2024-08-01
C. Pintu Darat,Agustus,103641.0,Sub-Total,2024,8,2024-08-01
Jayapura,Agustus,9481.0,Pintu Masuk,2024,8,2024-08-01
Atambua,Agustus,10029.0,Pintu Masuk,2024,8,2024-08-01
Entikong,Agustus,3191.0,Pintu Masuk,2024,8,2024-08-01
Aruk,Agustus,2819.0,Pintu Masuk,2024,8,2024-08-01
Nanga Badau,Agustus,892.0,Pintu Masuk,2024,8,2024-08-01
Pintu Darat Lainnya,Agustus,77229.0,Pintu Masuk Lainnya,2024,8,2024-08-01
Jumlah (A+B+C),Agustus,1339946.0,Grand Total,2024,8,2024-08-01
Lainnya,Agustus,,Pintu Masuk Lainnya,2024,8,2024-08-01
Total,Agustus,1339946.0,Grand Total,2024,8,2024-08-01
A. Pintu Udara,September,941903.0,Sub-Total,2024,9,2024-09-01
Ngurah Rai,September,591848.0,Pintu Masuk,2024,9,2024-09-01
Soekarno-Hatta,September,250852.0,Pintu Masuk,2024,9,2024-09-01
Juanda,September,31700.0,Pintu Masuk,2024,9,2024-09-01
Kualanamu,September,24956.0,Pintu Masuk,2024,9,2024-09-01
Husein Sastranegara,September,0.0,Pintu Masuk,2024,9,2024-09-01
Adi Sucipto,September,9621.0,Pintu Masuk,2024,9,2024-09-01
Bandara Int. Lombok,September,7461.0,Pintu Masuk,2024,9,2024-09-01
Sam Ratulangi,September,4791.0,Pintu Masuk,2024,9,2024-09-01
Minangkabau,September,8232.0,Pintu Masuk,2024,9,2024-09-01
Sultan Syarif Kasim II,September,3320.0,Pintu Masuk,2024,9,2024-09-01
Sultan Iskandar Muda,September,3909.0,Pintu Masuk,2024,9,2024-09-01
Ahmad Yani,September,0.0,Pintu Masuk,2024,9,2024-09-01
Supadio,September,5.0,Pintu Masuk,2024,9,2024-09-01
Hasanuddin,September,1326.0,Pintu Masuk,2024,9,2024-09-01
Sultan Badaruddin II,September,0.0,Pintu Masuk,2024,9,2024-09-01
Pintu Udara Lainnya,September,3882.0,Pintu Masuk Lainnya,2024,9,2024-09-01
B. Pintu Laut,September,231748.0,Sub-Total,2024,9,2024-09-01
Batam,September,114682.0,Pintu Masuk,2024,9,2024-09-01
Tanjung Uban,September,16058.0,Pintu Masuk,2024,9,2024-09-01
Tanjung Pinang,September,4898.0,Pintu Masuk,2024,9,2024-09-01
Tanjung Balai Karimun,September,6814.0,Pintu Masuk,2024,9,2024-09-01
Tanjung Benoa,September,2061.0,Pintu Masuk,2024,9,2024-09-01
Tanjung Mas,September,0.0,Pintu Masuk,2024,9,2024-09-01
Pintu Laut Lainnya,September,87235.0,Pintu Masuk Lainnya,2024,9,2024-09-01
C. Pintu Darat,September,105607.0,Sub-Total,2024,9,2024-09-01
Jayapura,September,11649.0,Pintu Masuk,2024,9,2024-09-01
Atambua,September,8384.0,Pintu Masuk,2024,9,2024-09-01
Entikong,September,4256.0,Pintu Masuk,2024,9,2024-09-01
Aruk,September,3680.0,Pintu Masuk,2024,9,2024-09-01
Nanga Badau,September,1116.0,Pintu Masuk,2024,9,2024-09-01
Pintu Darat Lainnya,September,76522.0,Pintu Masuk Lainnya,2024,9,2024-09-01
Jumlah (A+B+C),September,1279258.0,Grand Total,2024,9,2024-09-01
Lainnya,September,,Pintu Masuk Lainnya,2024,9,2024-09-01
Total,September,1279258.0,Grand Total,2024,9,2024-09-01
A. Pintu Udara,Oktober,859747.0,Sub-Total,2024,10,2024-10-01
Ngurah Rai,Oktober,554892.0,Pintu Masuk,2024,10,2024-10-01
Soekarno-Hatta,Oktober,218170.0,Pintu Masuk,2024,10,2024-10-01
Juanda,Oktober,28182.0,Pintu Masuk,2024,10,2024-10-01
Kualanamu,Oktober,20129.0,Pintu Masuk,2024,10,2024-10-01
Husein Sastranegara,Oktober,0.0,Pintu Masuk,2024,10,2024-10-01
Adi Sucipto,Oktober,7828.0,Pintu Masuk,2024,10,2024-10-01
Bandara Int. Lombok,Oktober,7169.0,Pintu Masuk,2024,10,2024-10-01
Sam Ratulangi,Oktober,4674.0,Pintu Masuk,2024,10,2024-10-01
Minangkabau,Oktober,7511.0,Pintu Masuk,2024,10,2024-10-01
Sultan Syarif Kasim II,Oktober,2637.0,Pintu Masuk,2024,10,2024-10-01
Sultan Iskandar Muda,Oktober,3237.0,Pintu Masuk,2024,10,2024-10-01
Ahmad Yani,Oktober,0.0,Pintu Masuk,2024,10,2024-10-01
Supadio,Oktober,3.0,Pintu Masuk,2024,10,2024-10-01
Hasanuddin,Oktober,1091.0,Pintu Masuk,2024,10,2024-10-01
Sultan Badaruddin II,Oktober,0.0,Pintu Masuk,2024,10,2024-10-01
Pintu Udara Lainnya,Oktober,4224.0,Pintu Masuk Lainnya,2024,10,2024-10-01
B. Pintu Laut,Oktober,218620.0,Sub-Total,2024,10,2024-10-01
Batam,Oktober,109864.0,Pintu Masuk,2024,10,2024-10-01
Tanjung Uban,Oktober,15916.0,Pintu Masuk,2024,10,2024-10-01
Tanjung Pinang,Oktober,4632.0,Pintu Masuk,2024,10,2024-10-01
Tanjung Balai Karimun,Oktober,6770.0,Pintu Masuk,2024,10,2024-10-01
Tanjung Benoa,Oktober,5019.0,Pintu Masuk,2024,10,2024-10-01
Tanjung Mas,Oktober,0.0,Pintu Masuk,2024,10,2024-10-01
Pintu Laut Lainnya,Oktober,76419.0,Pintu Masuk Lainnya,2024,10,2024-10-01
C. Pintu Darat,Oktober,115500.0,Sub-Total,2024,10,2024-10-01
Jayapura,Oktober,10715.0,Pintu Masuk,2024,10,2024-10-01
Atambua,Oktober,13025.0,Pintu Masuk,2024,10,2024-10-01
Entikong,Oktober,3331.0,Pintu Masuk,2024,10,2024-10-01
Aruk,Oktober,2376.0,Pintu Masuk,2024,10,2024-10-01
Nanga Badau,Oktober,742.0,Pintu Masuk,2024,10,2024-10-01
Pintu Darat Lainnya,Oktober,85311.0,Pintu Masuk Lainnya,2024,10,2024-10-01
Jumlah (A+B+C),Oktober,1193867.0,Grand Total,2024,10,2024-10-01
Lainnya,Oktober,,Pintu Masuk Lainnya,2024,10,2024-10-01
Total,Oktober,1193867.0,Grand Total,2024,10,2024-10-01
A. Pintu Udara,November,756972.0,Sub-Total,2024,11,2024-11-01
Ngurah Rai,November,472714.0,Pintu Masuk,2024,11,2024-11-01
Soekarno-Hatta,November,212178.0,Pintu Masuk,2024,11,2024-11-01
Juanda,November,20820.0,Pintu Masuk,2024,11,2024-11-01
Kualanamu,November,19145.0,Pintu Masuk,2024,11,2024-11-01
Husein Sastranegara,November,0.0,Pintu Masuk,2024,11,2024-11-01
Adi Sucipto,November,6728.0,Pintu Masuk,2024,11,2024-11-01
Bandara Int. Lombok,November,4947.0,Pintu Masuk,2024,11,2024-11-01
Sam Ratulangi,November,4532.0,Pintu Masuk,2024,11,2024-11-01
Minangkabau,November,6041.0,Pintu Masuk,2024,11,2024-11-01
Sultan Syarif Kasim II,November,2485.0,Pintu Masuk,2024,11,2024-11-01
Sultan Iskandar Muda,November,2534.0,Pintu Masuk,2024,11,2024-11-01
Ahmad Yani,November,0.0,Pintu Masuk,2024,11,2024-11-01
Supadio,November,0.0,Pintu Masuk,2024,11,2024-11-01
Hasanuddin,November,947.0,Pintu Masuk,2024,11,2024-11-01
Sultan Badaruddin II,November,0.0,Pintu Masuk,2024,11,2024-11-01
Pintu Udara Lainnya,November,3901.0,Pintu Masuk Lainnya,2024,11,2024-11-01
B. Pintu Laut,November,223293.0,Sub-Total,2024,11,2024-11-01
Batam,November,111306.0,Pintu Masuk,2024,11,2024-11-01
Tanjung Uban,November,14933.0,Pintu Masuk,2024,11,2024-11-01
Tanjung Pinang,November,4388.0,Pintu Masuk,2024,11,2024-11-01
Tanjung Balai Karimun,November,6911.0,Pintu Masuk,2024,11,2024-11-01
Tanjung Benoa,November,186.0,Pintu Masuk,2024,11,2024-11-01
Tanjung Mas,November,565.0,Pintu Masuk,2024,11,2024-11-01
Pintu Laut Lainnya,November,85004.0,Pintu Masuk Lainnya,2024,11,2024-11-01
C. Pintu Darat,November,111802.0,Sub-Total,2024,11,2024-11-01
Jayapura,November,11188.0,Pintu Masuk,2024,11,2024-11-01
Atambua,November,16360.0,Pintu Masuk,2024,11,2024-11-01
Entikong,November,2797.0,Pintu Masuk,2024,11,2024-11-01
Aruk,November,2208.0,Pintu Masuk,2024,11,2024-11-01
Nanga Badau,November,732.0,Pintu Masuk,2024,11,2024-11-01
Pintu Darat Lainnya,November,78517.0,Pintu Masuk Lainnya,2024,11,2024-11-01
Jumlah (A+B+C),November,1092067.0,Grand Total,2024,11,2024-11-01
Lainnya,November,,Pintu Masuk Lainnya,2024,11,2024-11-01
Total,November,1092067.0,Grand Total,2024,11,2024-11-01
A. Pintu Udara,Desember,832865.0,Sub-Total,2024,12,2024-12-01
Ngurah Rai,Desember,548685.0,Pintu Masuk,2024,12,2024-12-01
Soekarno-Hatta,Desember,207019.0,Pintu Masuk,2024,12,2024-12-01
Juanda,Desember,19265.0,Pintu Masuk,2024,12,2024-12-01
Kualanamu,Desember,21142.0,Pintu Masuk,2024,12,2024-12-01
Husein Sastranegara,Desember,0.0,Pintu Masuk,2024,12,2024-12-01
Adi Sucipto,Desember,7167.0,Pintu Masuk,2024,12,2024-12-01
Bandara Int. Lombok,Desember,6108.0,Pintu Masuk,2024,12,2024-12-01
Sam Ratulangi,Desember,4097.0,Pintu Masuk,2024,12,2024-12-01
Minangkabau,Desember,7550.0,Pintu Masuk,2024,12,2024-12-01
Sultan Syarif Kasim II,Desember,2800.0,Pintu Masuk,2024,12,2024-12-01
Sultan Iskandar Muda,Desember,3598.0,Pintu Masuk,2024,12,2024-12-01
Ahmad Yani,Desember,0.0,Pintu Masuk,2024,12,2024-12-01
Supadio,Desember,0.0,Pintu Masuk,2024,12,2024-12-01
Hasanuddin,Desember,1085.0,Pintu Masuk,2024,12,2024-12-01
Sultan Badaruddin II,Desember,2.0,Pintu Masuk,2024,12,2024-12-01
Pintu Udara Lainnya,Desember,4347.0,Pintu Masuk Lainnya,2024,12,2024-12-01
B. Pintu Laut,Desember,264692.0,Sub-Total,2024,12,2024-12-01
Batam,Desember,157945.0,Pintu Masuk,2024,12,2024-12-01
Tanjung Uban,Desember,22213.0,Pintu Masuk,2024,12,2024-12-01
Tanjung Pinang,Desember,5788.0,Pintu Masuk,2024,12,2024-12-01
Tanjung Balai Karimun,Desember,7649.0,Pintu Masuk,2024,12,2024-12-01
Tanjung Benoa,Desember,53.0,Pintu Masuk,2024,12,2024-12-01
Tanjung Mas,Desember,1302.0,Pintu Masuk,2024,12,2024-12-01
Pintu Laut Lainnya,Desember,69742.0,Pintu Masuk Lainnya,2024,12,2024-12-01
C. Pintu Darat,Desember,131073.0,Sub-Total,2024,12,2024-12-01
Jayapura,Desember,14613.0,Pintu Masuk,2024,12,2024-12-01
Atambua,Desember,18751.0,Pintu Masuk,2024,12,2024-12-01
Entikong,Desember,5017.0,Pintu Masuk,2024,12,2024-12-01
Aruk,Desember,3787.0,Pintu Masuk,2024,12,2024-12-01
Nanga Badau,Desember,1493.0,Pintu Masuk,2024,12,2024-12-01
Pintu Darat Lainnya,Desember,87412.0,Pintu Masuk Lainnya,2024,12,2024-12-01
Jumlah (A+B+C),Desember,1228630.0,Grand Total,2024,12,2024-12-01
Lainnya,Desember,0.0,Pintu Masuk Lainnya,2024,12,2024-12-01
Total,Desember,1228630.0,Grand Total,2024,12,2024-12-01
A. Pintu Udara,Januari,801614.0,Sub-Total,2025,1,2025-01-01
Ngurah Rai,Januari,526831.0,Pintu Masuk,2025,1,2025-01-01
Soekarno-Hatta,Januari,193433.0,Pintu Masuk,2025,1,2025-01-01
Juanda,Januari,22119.0,Pintu Masuk,2025,1,2025-01-01
Kualanamu,Januari,23011.0,Pintu Masuk,2025,1,2025-01-01
Husein Sastranegara,Januari,0.0,Pintu Masuk,2025,1,2025-01-01
Adi Sucipto,Januari,6717.0,Pintu Masuk,2025,1,2025-01-01
Bandara Int. Lombok,Januari,6295.0,Pintu Masuk,2025,1,2025-01-01
Sam Ratulangi,Januari,3788.0,Pintu Masuk,2025,1,2025-01-01
Minangkabau,Januari,8490.0,Pintu Masuk,2025,1,2025-01-01
Sultan Syarif Kasim II,Januari,2684.0,Pintu Masuk,2025,1,2025-01-01
Sultan Iskandar Muda,Januari,3811.0,Pintu Masuk,2025,1,2025-01-01
Ahmad Yani,Januari,0.0,Pintu Masuk,2025,1,2025-01-01
Supadio,Januari,1.0,Pintu Masuk,2025,1,2025-01-01
Hasanuddin,Januari,1203.0,Pintu Masuk,2025,1,2025-01-01
Sultan Badaruddin II,Januari,0.0,Pintu Masuk,2025,1,2025-01-01
Pintu Udara Lainnya,Januari,3231.0,Pintu Masuk Lainnya,2025,1,2025-01-01
B. Pintu Laut,Januari,232267.0,Sub-Total,2025,1,2025-01-01
Batam,Januari,123223.0,Pintu Masuk,2025,1,2025-01-01
Tanjung Uban,Januari,15791.0,Pintu Masuk,2025,1,2025-01-01
Tanjung Pinang,Januari,5583.0,Pintu Masuk,2025,1,2025-01-01
Tanjung Balai Karimun,Januari,8038.0,Pintu Masuk,2025,1,2025-01-01
Tanjung Benoa,Januari,976.0,Pintu Masuk,2025,1,2025-01-01
Tanjung Mas,Januari,640.0,Pintu Masuk,2025,1,2025-01-01
Pintu Laut Lainnya,Januari,78016.0,Pintu Masuk Lainnya,2025,1,2025-01-01
C. Pintu Darat,Januari,122131.0,Sub-Total,2025,1,2025-01-01
Jayapura,Januari,12617.0,Pintu Masuk,2025,1,2025-01-01
Atambua,Januari,11445.0,Pintu Masuk,2025,1,2025-01-01
Entikong,Januari,4130.0,Pintu Masuk,2025,1,2025-01-01
Aruk,Januari,3870.0,Pintu Masuk,2025,1,2025-01-01
Nanga Badau,Januari,1143.0,Pintu Masuk,2025,1,2025-01-01
Pintu Darat Lainnya,Januari,88926.0,Pintu Masuk Lainnya,2025,1,2025-01-01
Jumlah (A+B+C),Januari,1156012.0,Grand Total,2025,1,2025-01-01
Lainnya,Januari,0.0,Pintu Masuk Lainnya,2025,1,2025-01-01
Total,Januari,1156012.0,Grand Total,2025,1,2025-01-01
A. Pintu Udara,Februari,718609.0,Sub-Total,2025,2,2025-02-01
Ngurah Rai,Februari,444411.0,Pintu Masuk,2025,2,2025-02-01
Soekarno-Hatta,Februari,199306.0,Pintu Masuk,2025,2,2025-02-01
Juanda,Februari,19205.0,Pintu Masuk,2025,2,2025-02-01
Kualanamu,Februari,22546.0,Pintu Masuk,2025,2,2025-02-01
Husein Sastranegara,Februari,0.0,Pintu Masuk,2025,2,2025-02-01
Adi Sucipto,Februari,6087.0,Pintu Masuk,2025,2,2025-02-01
Bandara Int. Lombok,Februari,4926.0,Pintu Masuk,2025,2,2025-02-01
Sam Ratulangi,Februari,3497.0,Pintu Masuk,2025,2,2025-02-01
Minangkabau,Februari,7810.0,Pintu Masuk,2025,2,2025-02-01
Sultan Syarif Kasim II,Februari,2446.0,Pintu Masuk,2025,2,2025-02-01
Sultan Iskandar Muda,Februari,3825.0,Pintu Masuk,2025,2,2025-02-01
Ahmad Yani,Februari,0.0,Pintu Masuk,2025,2,2025-02-01
Supadio,Februari,0.0,Pintu Masuk,2025,2,2025-02-01
Hasanuddin,Februari,979.0,Pintu Masuk,2025,2,2025-02-01
Sultan Badaruddin II,Februari,0.0,Pintu Masuk,2025,2,2025-02-01
Pintu Udara Lainnya,Februari,3571.0,Pintu Masuk Lainnya,2025,2,2025-02-01
B. Pintu Laut,Februari,203450.0,Sub-Total,2025,2,2025-02-01
Batam,Februari,103491.0,Pintu Masuk,2025,2,2025-02-01
Tanjung Uban,Februari,9815.0,Pintu Masuk,2025,2,2025-02-01
Tanjung Pinang,Februari,4095.0,Pintu Masuk,2025,2,2025-02-01
Tanjung Balai Karimun,Februari,7099.0,Pintu Masuk,2025,2,2025-02-01
Tanjung Benoa,Februari,2219.0,Pintu Masuk,2025,2,2025-02-01
Tanjung Mas,Februari,0.0,Pintu Masuk,2025,2,2025-02-01
Pintu Laut Lainnya,Februari,76731.0,Pintu Masuk Lainnya,2025,2,2025-02-01
C. Pintu Darat,Februari,100835.0,Sub-Total,2025,2,2025-02-01
Jayapura,Februari,11015.0,Pintu Masuk,2025,2,2025-02-01
Atambua,Februari,10244.0,Pintu Masuk,2025,2,2025-02-01
Entikong,Februari,3482.0,Pintu Masuk,2025,2,2025-02-01
Aruk,Februari,3482.0,Pintu Masuk,2025,2,2025-02-01
Nanga Badau,Februari,935.0,Pintu Masuk,2025,2,2025-02-01
Pintu Darat Lainnya,Februari,71677.0,Pintu Masuk Lainnya,2025,2,2025-02-01
Jumlah (A+B+C),Februari,1022894.0,Grand Total,2025,2,2025-02-01
Lainnya,Februari,0.0,Pintu Masuk Lainnya,2025,2,2025-02-01
Total,Februari,1022894.0,Grand Total,2025,2,2025-02-01
A. Pintu Udara,Maret,669479.0,Sub-Total,2025,3,2025-03-01
Ngurah Rai,Maret,464697.0,Pintu Masuk,2025,3,2025-03-01
Soekarno-Hatta,Maret,146390.0,Pintu Masuk,2025,3,2025-03-01
Juanda,Maret,15647.0,Pintu Masuk,2025,3,2025-03-01
Kualanamu,Maret,16881.0,Pintu Masuk,2025,3,2025-03-01
Husein Sastranegara,Maret,0.0,Pintu Masuk,2025,3,2025-03-01
Adi Sucipto,Maret,3185.0,Pintu Masuk,2025,3,2025-03-01
Bandara Int. Lombok,Maret,5441.0,Pintu Masuk,2025,3,2025-03-01
Sam Ratulangi,Maret,4403.0,Pintu Masuk,2025,3,2025-03-01
Minangkabau,Maret,3649.0,Pintu Masuk,2025,3,2025-03-01
Sultan Syarif Kasim II,Maret,2612.0,Pintu Masuk,2025,3,2025-03-01
Sultan Iskandar Muda,Maret,1512.0,Pintu Masuk,2025,3,2025-03-01
Ahmad Yani,Maret,0.0,Pintu Masuk,2025,3,2025-03-01
Supadio,Maret,0.0,Pintu Masuk,2025,3,2025-03-01
Hasanuddin,Maret,1300.0,Pintu Masuk,2025,3,2025-03-01
Sultan Badaruddin II,Maret,4.0,Pintu Masuk,2025,3,2025-03-01
Pintu Udara Lainnya,Maret,3758.0,Pintu Masuk Lainnya,2025,3,2025-03-01
B. Pintu Laut,Maret,206397.0,Sub-Total,2025,3,2025-03-01
Batam,Maret,99412.0,Pintu Masuk,2025,3,2025-03-01
Tanjung Uban,Maret,17619.0,Pintu Masuk,2025,3,2025-03-01
Tanjung Pinang,Maret,5218.0,Pintu Masuk,2025,3,2025-03-01
Tanjung Balai Karimun,Maret,5773.0,Pintu Masuk,2025,3,2025-03-01
Tanjung Benoa,Maret,6154.0,Pintu Masuk,2025,3,2025-03-01
Tanjung Mas,Maret,1129.0,Pintu Masuk,2025,3,2025-03-01
Pintu Laut Lainnya,Maret,71092.0,Pintu Masuk Lainnya,2025,3,2025-03-01
C. Pintu Darat,Maret,108893.0,Sub-Total,2025,3,2025-03-01
Jayapura,Maret,5943.0,Pintu Masuk,2025,3,2025-03-01
Atambua,Maret,13058.0,Pintu Masuk,2025,3,2025-03-01
Entikong,Maret,2923.0,Pintu Masuk,2025,3,2025-03-01
Aruk,Maret,3338.0,Pintu Masuk,2025,3,2025-03-01
Nanga Badau,Maret,974.0,Pintu Masuk,2025,3,2025-03-01
Pintu Darat Lainnya,Maret,82657.0,Pintu Masuk Lainnya,2025,3,2025-03-01
Jumlah (A+B+C),Maret,984769.0,Grand Total,2025,3,2025-03-01
Lainnya,Maret,0.0,Pintu Masuk Lainnya,2025,3,2025-03-01
Total,Maret,984769.0,Grand Total,2025,3,2025-03-01
A. Pintu Udara,April,854756.0,Sub-Total,2025,4,2025-04-01
Ngurah Rai,April,587315.0,Pintu Masuk,2025,4,2025-04-01
Soekarno-Hatta,April,186523.0,Pintu Masuk,2025,4,2025-04-01
Juanda,April,24800.0,Pintu Masuk,2025,4,2025-04-01
Kualanamu,April,19709.0,Pintu Masuk,2025,4,2025-04-01
Husein Sastranegara,April,0.0,Pintu Masuk,2025,4,2025-04-01
Adi Sucipto,April,7135.0,Pintu Masuk,2025,4,2025-04-01
Bandara Int. Lombok,April,7812.0,Pintu Masuk,2025,4,2025-04-01
Sam Ratulangi,April,4070.0,Pintu Masuk,2025,4,2025-04-01
Minangkabau,April,6270.0,Pintu Masuk,2025,4,2025-04-01
Sultan Syarif Kasim II,April,2793.0,Pintu Masuk,2025,4,2025-04-01
Sultan Iskandar Muda,April,2184.0,Pintu Masuk,2025,4,2025-04-01
Ahmad Yani,April,0.0,Pintu Masuk,2025,4,2025-04-01
Supadio,April,0.0,Pintu Masuk,2025,4,2025-04-01
Hasanuddin,April,827.0,Pintu Masuk,2025,4,2025-04-01
Sultan Badaruddin II,April,1.0,Pintu Masuk,2025,4,2025-04-01
Pintu Udara Lainnya,April,5317.0,Pintu Masuk Lainnya,2025,4,2025-04-01
B. Pintu Laut,April,200550.0,Sub-Total,2025,4,2025-04-01
Batam,April,99257.0,Pintu Masuk,2025,4,2025-04-01
Tanjung Uban,April,15254.0,Pintu Masuk,2025,4,2025-04-01
Tanjung Pinang,April,4995.0,Pintu Masuk,2025,4,2025-04-01
Tanjung Balai Karimun,April,6137.0,Pintu Masuk,2025,4,2025-04-01
Tanjung Benoa,April,3906.0,Pintu Masuk,2025,4,2025-04-01
Tanjung Mas,April,535.0,Pintu Masuk,2025,4,2025-04-01
Pintu Laut Lainnya,April,70466.0,Pintu Masuk Lainnya,2025,4,2025-04-01
C. Pintu Darat,April,109233.0,Sub-Total,2025,4,2025-04-01
Jayapura,April,9296.0,Pintu Masuk,2025,4,2025-04-01
Atambua,April,14292.0,Pintu Masuk,2025,4,2025-04-01
Entikong,April,2719.0,Pintu Masuk,2025,4,2025-04-01
Aruk,April,2583.0,Pintu Masuk,2025,4,2025-04-01
Nanga Badau,April,798.0,Pintu Masuk,2025,4,2025-04-01
Pintu Darat Lainnya,April,79545.0,Pintu Masuk Lainnya,2025,4,2025-04-01
Jumlah (A+B+C),April,1164539.0,Grand Total,2025,4,2025-04-01
Lainnya,April,0.0,Pintu Masuk Lainnya,2025,4,2025-04-01
Total,April,1164539.0,Grand Total,2025,4,2025-04-01
A. Pintu Udara,Mei,941092.0,Sub-Total,2025,5,2025-05-01
Ngurah Rai,Mei,602055.0,Pintu Masuk,2025,5,2025-05-01
Soekarno-Hatta,Mei,233751.0,Pintu Masuk,2025,5,2025-05-01
Juanda,Mei,33409.0,Pintu Masuk,2025,5,2025-05-01
Kualanamu,Mei,26183.0,Pintu Masuk,2025,5,2025-05-01
Husein Sastranegara,Mei,0.0,Pintu Masuk,2025,5,2025-05-01
Adi Sucipto,Mei,9699.0,Pintu Masuk,2025,5,2025-05-01
Bandara Int. Lombok,Mei,8641.0,Pintu Masuk,2025,5,2025-05-01
Sam Ratulangi,Mei,3902.0,Pintu Masuk,2025,5,2025-05-01
Minangkabau,Mei,8312.0,Pintu Masuk,2025,5,2025-05-01
Sultan Syarif Kasim II,Mei,3277.0,Pintu Masuk,2025,5,2025-05-01
Sultan Iskandar Muda,Mei,4003.0,Pintu Masuk,2025,5,2025-05-01
Ahmad Yani,Mei,0.0,Pintu Masuk,2025,5,2025-05-01
Supadio,Mei,0.0,Pintu Masuk,2025,5,2025-05-01
Hasanuddin,Mei,1468.0,Pintu Masuk,2025,5,2025-05-01
Sultan Badaruddin II,Mei,11.0,Pintu Masuk,2025,5,2025-05-01
Pintu Udara Lainnya,Mei,6381.0,Pintu Masuk Lainnya,2025,5,2025-05-01
B. Pintu Laut,Mei,244169.0,Sub-Total,2025,5,2025-05-01
Batam,Mei,139491.0,Pintu Masuk,2025,5,2025-05-01
Tanjung Uban,Mei,20284.0,Pintu Masuk,2025,5,2025-05-01
Tanjung Pinang,Mei,6071.0,Pintu Masuk,2025,5,2025-05-01
Tanjung Balai Karimun,Mei,9131.0,Pintu Masuk,2025,5,2025-05-01
Tanjung Benoa,Mei,158.0,Pintu Masuk,2025,5,2025-05-01
Tanjung Mas,Mei,0.0,Pintu Masuk,2025,5,2025-05-01
Pintu Laut Lainnya,Mei,69034.0,Pintu Masuk Lainnya,2025,5,2025-05-01
C. Pintu Darat,Mei,120739.0,Sub-Total,2025,5,2025-05-01
Jayapura,Mei,9107.0,Pintu Masuk,2025,5,2025-05-01
Atambua,Mei,15441.0,Pintu Masuk,2025,5,2025-05-01
Entikong,Mei,5321.0,Pintu Masuk,2025,5,2025-05-01
Aruk,Mei,3746.0,Pintu Masuk,2025,5,2025-05-01
Nanga Badau,Mei,1716.0,Pintu Masuk,2025,5,2025-05-01
Pintu Darat Lainnya,Mei,85408.0,Pintu Masuk Lainnya,2025,5,2025-05-01
Jumlah (A+B+C),Mei,1306000.0,Grand Total,2025,5,2025-05-01
Lainnya,Mei,0.0,Pintu Masuk Lainnya,2025,5,2025-05-01
Total,Mei,1306000.0,Grand Total,2025,5,2025-05-01
A. Pintu Udara,Juni,978929.0,Sub-Total,2025,6,2025-06-01
Ngurah Rai,Juni,637744.0,Pintu Masuk,2025,6,2025-06-01
Soekarno-Hatta,Juni,236013.0,Pintu Masuk,2025,6,2025-06-01
Juanda,Juni,34092.0,Pintu Masuk,2025,6,2025-06-01
Kualanamu,Juni,25183.0,Pintu Masuk,2025,6,2025-06-01
Husein Sastranegara,Juni,0.0,Pintu Masuk,2025,6,2025-06-01
Adi Sucipto,Juni,10424.0,Pintu Masuk,2025,6,2025-06-01
Bandara Int. Lombok,Juni,7784.0,Pintu Masuk,2025,6,2025-06-01
Sam Ratulangi,Juni,3742.0,Pintu Masuk,2025,6,2025-06-01
Minangkabau,Juni,8621.0,Pintu Masuk,2025,6,2025-06-01
Sultan Syarif Kasim II,Juni,3443.0,Pintu Masuk,2025,6,2025-06-01
Sultan Iskandar Muda,Juni,3607.0,Pintu Masuk,2025,6,2025-06-01
Ahmad Yani,Juni,4.0,Pintu Masuk,2025,6,2025-06-01
Supadio,Juni,0.0,Pintu Masuk,2025,6,2025-06-01
Hasanuddin,Juni,1959.0,Pintu Masuk,2025,6,2025-06-01
Sultan Badaruddin II,Juni,2.0,Pintu Masuk,2025,6,2025-06-01
Pintu Udara Lainnya,Juni,6311.0,Pintu Masuk Lainnya,2025,6,2025-06-01
B. Pintu Laut,Juni,307815.0,Sub-Total,2025,6,2025-06-01
Batam,Juni,166223.0,Pintu Masuk,2025,6,2025-06-01
Tanjung Uban,Juni,32073.0,Pintu Masuk,2025,6,2025-06-01
Tanjung Pinang,Juni,6603.0,Pintu Masuk,2025,6,2025-06-01
Tanjung Balai Karimun,Juni,9531.0,Pintu Masuk,2025,6,2025-06-01
Tanjung Benoa,Juni,124.0,Pintu Masuk,2025,6,2025-06-01
Tanjung Mas,Juni,619.0,Pintu Masuk,2025,6,2025-06-01
Pintu Laut Lainnya,Juni,92642.0,Pintu Masuk Lainnya,2025,6,2025-06-01
C. Pintu Darat,Juni,130352.0,Sub-Total,2025,6,2025-06-01
Jayapura,Juni,10569.0,Pintu Masuk,2025,6,2025-06-01
Atambua,Juni,17380.0,Pintu Masuk,2025,6,2025-06-01
Entikong,Juni,4734.0,Pintu Masuk,2025,6,2025-06-01
Aruk,Juni,4858.0,Pintu Masuk,2025,6,2025-06-01
Nanga Badau,Juni,1259.0,Pintu Masuk,2025,6,2025-06-01
Pintu Darat Lainnya,Juni,91552.0,Pintu Masuk Lainnya,2025,6,2025-06-01
Jumlah (A+B+C),Juni,1417096.0,Grand Total,2025,6,2025-06-01
Lainnya,Juni,0.0,Pintu Masuk Lainnya,2025,6,2025-06-01
Total,Juni,1417096.0,Grand Total,2025,6,2025-06-01
A. Pintu Udara,Juli,1101619.0,Sub-Total,2025,7,2025-07-01
Ngurah Rai,Juli,697068.0,Pintu Masuk,2025,7,2025-07-01
Soekarno-Hatta,Juli,290369.0,Pintu Masuk,2025,7,2025-07-01
Juanda,Juli,34421.0,Pintu Masuk,2025,7,2025-07-01
Kualanamu,Juli,28306.0,Pintu Masuk,2025,7,2025-07-01
Husein Sastranegara,Juli,0.0,Pintu Masuk,2025,7,2025-07-01
Adi Sucipto,Juli,11322.0,Pintu Masuk,2025,7,2025-07-01
Bandara Int. Lombok,Juli,10512.0,Pintu Masuk,2025,7,2025-07-01
Sam Ratulangi,Juli,5903.0,Pintu Masuk,2025,7,2025-07-01
Minangkabau,Juli,7674.0,Pintu Masuk,2025,7,2025-07-01
Sultan Syarif Kasim II,Juli,2688.0,Pintu Masuk,2025,7,2025-07-01
Sultan Iskandar Muda,Juli,4088.0,Pintu Masuk,2025,7,2025-07-01
Ahmad Yani,Juli,11.0,Pintu Masuk,2025,7,2025-07-01
Supadio,Juli,29.0,Pintu Masuk,2025,7,2025-07-01
Hasanuddin,Juli,1781.0,Pintu Masuk,2025,7,2025-07-01
Sultan Badaruddin II,Juli,204.0,Pintu Masuk,2025,7,2025-07-01
Pintu Udara Lainnya,Juli,7243.0,Pintu Masuk Lainnya,2025,7,2025-07-01
B. Pintu Laut,Juli,242599.0,Sub-Total,2025,7,2025-07-01
Batam,Juli,121487.0,Pintu Masuk,2025,7,2025-07-01
Tanjung Uban,Juli,21939.0,Pintu Masuk,2025,7,2025-07-01
Tanjung Pinang,Juli,4620.0,Pintu Masuk,2025,7,2025-07-01
Tanjung Balai Karimun,Juli,7927.0,Pintu Masuk,2025,7,2025-07-01
Tanjung Benoa,Juli,39.0,Pintu Masuk,2025,7,2025-07-01
Tanjung Mas,Juli,0.0,Pintu Masuk,2025,7,2025-07-01
Pintu Laut Lainnya,Juli,86587.0,Pintu Masuk Lainnya,2025,7,2025-07-01
C. Pintu Darat,Juli,137128.0,Sub-Total,2025,7,2025-07-01
Jayapura,Juli,11553.0,Pintu Masuk,2025,7,2025-07-01
Atambua,Juli,21031.0,Pintu Masuk,2025,7,2025-07-01
Entikong,Juli,3534.0,Pintu Masuk,2025,7,2025-07-01
Aruk,Juli,2692.0,Pintu Masuk,2025,7,2025-07-01
Nanga Badau,Juli,1047.0,Pintu Masuk,2025,7,2025-07-01
Pintu Darat Lainnya,Juli,97271.0,Pintu Masuk Lainnya,2025,7,2025-07-01
Jumlah (A+B+C),Juli,1481346.0,Grand Total,2025,7,2025-07-01
Lainnya,Juli,0.0,Pintu Masuk Lainnya,2025,7,2025-07-01
Total,Juli,1481346.0,Grand Total,2025,7,2025-07-01
A. Pintu Udara,Agustus,1108133.0,Sub-Total,2025,8,2025-08-01
Ngurah Rai,Agustus,682839.0,Pintu Masuk,2025,8,2025-08-01
Soekarno-Hatta,Agustus,304970.0,Pintu Masuk,2025,8,2025-08-01
Juanda,Agustus,37406.0,Pintu Masuk,2025,8,2025-08-01
Kualanamu,Agustus,29858.0,Pintu Masuk,2025,8,2025-08-01
Husein Sastranegara,Agustus,0.0,Pintu Masuk,2025,8,2025-08-01
Adi Sucipto,Agustus,12554.0,Pintu Masuk,2025,8,2025-08-01
Bandara Int. Lombok,Agustus,10207.0,Pintu Masuk,2025,8,2025-08-01
Sam Ratulangi,Agustus,5656.0,Pintu Masuk,2025,8,2025-08-01
Minangkabau,Agustus,8216.0,Pintu Masuk,2025,8,2025-08-01
Sultan Syarif Kasim II,Agustus,3201.0,Pintu Masuk,2025,8,2025-08-01
Sultan Iskandar Muda,Agustus,4305.0,Pintu Masuk,2025,8,2025-08-01
Ahmad Yani,Agustus,0.0,Pintu Masuk,2025,8,2025-08-01
Supadio,Agustus,0.0,Pintu Masuk,2025,8,2025-08-01
Hasanuddin,Agustus,1814.0,Pintu Masuk,2025,8,2025-08-01
Sultan Badaruddin II,Agustus,1138.0,Pintu Masuk,2025,8,2025-08-01
Pintu Udara Lainnya,Agustus,5969.0,Pintu Masuk Lainnya,2025,8,2025-08-01
B. Pintu Laut,Agustus,263040.0,Sub-Total,2025,8,2025-08-01
Batam,Agustus,144698.0,Pintu Masuk,2025,8,2025-08-01
Tanjung Uban,Agustus,24930.0,Pintu Masuk,2025,8,2025-08-01
Tanjung Pinang,Agustus,4909.0,Pintu Masuk,2025,8,2025-08-01
Tanjung Balai Karimun,Agustus,8272.0,Pintu Masuk,2025,8,2025-08-01
Tanjung Benoa,Agustus,27.0,Pintu Masuk,2025,8,2025-08-01
Tanjung Mas,Agustus,0.0,Pintu Masuk,2025,8,2025-08-01
Pintu Laut Lainnya,Agustus,80204.0,Pintu Masuk Lainnya,2025,8,2025-08-01
C. Pintu Darat,Agustus,134047.0,Sub-Total,2025,8,2025-08-01
Jayapura,Agustus,10344.0,Pintu Masuk,2025,8,2025-08-01
Atambua,Agustus,20318.0,Pintu Masuk,2025,8,2025-08-01
Entikong,Agustus,3803.0,Pintu Masuk,2025,8,2025-08-01
Aruk,Agustus,2973.0,Pintu Masuk,2025,8,2025-08-01
Nanga Badau,Agustus,1116.0,Pintu Masuk,2025,8,2025-08-01
Pintu Darat Lainnya,Agustus,95493.0,Pintu Masuk Lainnya,2025,8,2025-08-01
Jumlah (A+B+C),Agustus,1505220.0,Grand Total,2025,8,2025-08-01
Lainnya,Agustus,0.0,Pintu Masuk Lainnya,2025,8,2025-08-01
Total,Agustus,1505220.0,Grand Total,2025,8,2025-08-01
A. Pintu Udara,September,996518.0,Sub-Total,2025,9,2025-09-01
Ngurah Rai,September,634482.0,Pintu Masuk,2025,9,2025-09-01
Soekarno-Hatta,September,244404.0,Pintu Masuk,2025,9,2025-09-01
Juanda,September,32664.0,Pintu Masuk,2025,9,2025-09-01
Kualanamu,September,29107.0,Pintu Masuk,2025,9,2025-09-01
Husein Sastranegara,September,0.0,Pintu Masuk,2025,9,2025-09-01
Adi Sucipto,September,10960.0,Pintu Masuk,2025,9,2025-09-01
Bandara Int. Lombok,September,9333.0,Pintu Masuk,2025,9,2025-09-01
Sam Ratulangi,September,5600.0,Pintu Masuk,2025,9,2025-09-01
Minangkabau,September,9699.0,Pintu Masuk,2025,9,2025-09-01
Sultan Syarif Kasim II,September,3938.0,Pintu Masuk,2025,9,2025-09-01
Sultan Iskandar Muda,September,5390.0,Pintu Masuk,2025,9,2025-09-01
Ahmad Yani,September,1381.0,Pintu Masuk,2025,9,2025-09-01
Supadio,September,1838.0,Pintu Masuk,2025,9,2025-09-01
Hasanuddin,September,1594.0,Pintu Masuk,2025,9,2025-09-01
Sultan Badaruddin II,September,933.0,Pintu Masuk,2025,9,2025-09-01
Pintu Udara Lainnya,September,5195.0,Pintu Masuk Lainnya,2025,9,2025-09-01
B. Pintu Laut,September,264693.0,Sub-Total,2025,9,2025-09-01
Batam,September,140073.0,Pintu Masuk,2025,9,2025-09-01
Tanjung Uban,September,20974.0,Pintu Masuk,2025,9,2025-09-01
Tanjung Pinang,September,4971.0,Pintu Masuk,2025,9,2025-09-01
Tanjung Balai Karimun,September,8364.0,Pintu Masuk,2025,9,2025-09-01
Tanjung Benoa,September,667.0,Pintu Masuk,2025,9,2025-09-01
Tanjung Mas,September,0.0,Pintu Masuk,2025,9,2025-09-01
Pintu Laut Lainnya,September,89644.0,Pintu Masuk Lainnya,2025,9,2025-09-01
C. Pintu Darat,September,133699.0,Sub-Total,2025,9,2025-09-01
Jayapura,September,12494.0,Pintu Masuk,2025,9,2025-09-01
Atambua,September,18282.0,Pintu Masuk,2025,9,2025-09-01
Entikong,September,4446.0,Pintu Masuk,2025,9,2025-09-01
Aruk,September,3921.0,Pintu Masuk,2025,9,2025-09-01
Nanga Badau,September,991.0,Pintu Masuk,2025,9,2025-09-01
Pintu Darat Lainnya,September,93565.0,Pintu Masuk Lainnya,2025,9,2025-09-01
Jumlah (A+B+C),September,1394910.0,Grand Total,2025,9,2025-09-01
Lainnya,September,0.0,Pintu Masuk Lainnya,2025,9,2025-09-01
Total,September,1394910.0,Grand Total,2025,9,2025-09-01
A. Pintu Udara,Oktober,954216.0,Sub-Total,2025,10,2025-10-01
Ngurah Rai,Oktober,594846.0,Pintu Masuk,2025,10,2025-10-01
Soekarno-Hatta,Oktober,254968.0,Pintu Masuk,2025,10,2025-10-01
Juanda,Oktober,29534.0,Pintu Masuk,2025,10,2025-10-01
Kualanamu,Oktober,24621.0,Pintu Masuk,2025,10,2025-10-01
Husein Sastranegara,Oktober,0.0,Pintu Masuk,2025,10,2025-10-01
Adi Sucipto,Oktober,8712.0,Pintu Masuk,2025,10,2025-10-01
Bandara Int. Lombok,Oktober,9321.0,Pintu Masuk,2025,10,2025-10-01
Sam Ratulangi,Oktober,6513.0,Pintu Masuk,2025,10,2025-10-01
Minangkabau,Oktober,7588.0,Pintu Masuk,2025,10,2025-10-01
Sultan Syarif Kasim II,Oktober,3091.0,Pintu Masuk,2025,10,2025-10-01
Sultan Iskandar Muda,Oktober,4257.0,Pintu Masuk,2025,10,2025-10-01
Ahmad Yani,Oktober,1618.0,Pintu Masuk,2025,10,2025-10-01
Supadio,Oktober,1674.0,Pintu Masuk,2025,10,2025-10-01
Hasanuddin,Oktober,1565.0,Pintu Masuk,2025,10,2025-10-01
Sultan Badaruddin II,Oktober,834.0,Pintu Masuk,2025,10,2025-10-01
Pintu Udara Lainnya,Oktober,5074.0,Pintu Masuk Lainnya,2025,10,2025-10-01
B. Pintu Laut,Oktober,260124.0,Sub-Total,2025,10,2025-10-01
Batam,Oktober,137435.0,Pintu Masuk,2025,10,2025-10-01
Tanjung Uban,Oktober,22633.0,Pintu Masuk,2025,10,2025-10-01
Tanjung Pinang,Oktober,5285.0,Pintu Masuk,2025,10,2025-10-01
Tanjung Balai Karimun,Oktober,8541.0,Pintu Masuk,2025,10,2025-10-01
Tanjung Benoa,Oktober,7.0,Pintu Masuk,2025,10,2025-10-01
Tanjung Mas,Oktober,0.0,Pintu Masuk,2025,10,2025-10-01
Pintu Laut Lainnya,Oktober,86223.0,Pintu Masuk Lainnya,2025,10,2025-10-01
C. Pintu Darat,Oktober,134653.0,Sub-Total,2025,10,2025-10-01
Jayapura,Oktober,11274.0,Pintu Masuk,2025,10,2025-10-01
Atambua,Oktober,21420.0,Pintu Masuk,2025,10,2025-10-01
Entikong,Oktober,3135.0,Pintu Masuk,2025,10,2025-10-01
Aruk,Oktober,3097.0,Pintu Masuk,2025,10,2025-10-01
Nanga Badau,Oktober,918.0,Pintu Masuk,2025,10,2025-10-01
Pintu Darat Lainnya,Oktober,94809.0,Pintu Masuk Lainnya,2025,10,2025-10-01
Jumlah (A+B+C),Oktober,1348993.0,Grand Total,2025,10,2025-10-01
Lainnya,Oktober,0.0,Pintu Masuk Lainnya,2025,10,2025-10-01
Total,Oktober,1348993.0,Grand Total,2025,10,2025-10-01
A. Pintu Udara,November,805662.0,Sub-Total,2025,11,2025-11-01
Ngurah Rai,November,476507.0,Pintu Masuk,2025,11,2025-11-01
Soekarno-Hatta,November,240330.0,Pintu Masuk,2025,11,2025-11-01
Juanda,November,21629.0,Pintu Masuk,2025,11,2025-11-01
Kualanamu,November,20826.0,Pintu Masuk,2025,11,2025-11-01
Husein Sastranegara,November,0.0,Pintu Masuk,2025,11,2025-11-01
Adi Sucipto,November,8005.0,Pintu Masuk,2025,11,2025-11-01
Bandara Int. Lombok,November,6689.0,Pintu Masuk,2025,11,2025-11-01
Sam Ratulangi,November,7401.0,Pintu Masuk,2025,11,2025-11-01
Minangkabau,November,6611.0,Pintu Masuk,2025,11,2025-11-01
Sultan Syarif Kasim II,November,3210.0,Pintu Masuk,2025,11,2025-11-01
Sultan Iskandar Muda,November,3627.0,Pintu Masuk,2025,11,2025-11-01
Ahmad Yani,November,1365.0,Pintu Masuk,2025,11,2025-11-01
Supadio,November,1693.0,Pintu Masuk,2025,11,2025-11-01
Hasanuddin,November,1306.0,Pintu Masuk,2025,11,2025-11-01
Sultan Badaruddin II,November,1110.0,Pintu Masuk,2025,11,2025-11-01
Pintu Udara Lainnya,November,5353.0,Pintu Masuk Lainnya,2025,11,2025-11-01
B. Pintu Laut,November,250166.0,Sub-Total,2025,11,2025-11-01
Batam,November,125503.0,Pintu Masuk,2025,11,2025-11-01
Tanjung Uban,November,16867.0,Pintu Masuk,2025,11,2025-11-01
Tanjung Pinang,November,4880.0,Pintu Masuk,2025,11,2025-11-01
Tanjung Balai Karimun,November,7938.0,Pintu Masuk,2025,11,2025-11-01
Tanjung Benoa,November,6857.0,Pintu Masuk,2025,11,2025-11-01
Tanjung Mas,November,1722.0,Pintu Masuk,2025,11,2025-11-01
Pintu Laut Lainnya,November,86399.0,Pintu Masuk Lainnya,2025,11,2025-11-01
C. Pintu Darat,November,143179.0,Sub-Total,2025,11,2025-11-01
Jayapura,November,11230.0,Pintu Masuk,2025,11,2025-11-01
Atambua,November,20476.0,Pintu Masuk,2025,11,2025-11-01
Entikong,November,2880.0,Pintu Masuk,2025,11,2025-11-01
Aruk,November,2391.0,Pintu Masuk,2025,11,2025-11-01
Nanga Badau,November,816.0,Pintu Masuk,2025,11,2025-11-01
Pintu Darat Lainnya,November,105386.0,Pintu Masuk Lainnya,2025,11,2025-11-01
Jumlah (A+B+C),November,1199007.0,Grand Total,2025,11,2025-11-01
Lainnya,November,0.0,Pintu Masuk Lainnya,2025,11,2025-11-01
Total,November,1199007.0,Grand Total,2025,11,2025-11-01
A. Pintu Udara,Desember,888664.0,Sub-Total,2025,12,2025-12-01
Ngurah Rai,Desember,558790.0,Pintu Masuk,2025,12,2025-12-01
Soekarno-Hatta,Desember,230381.0,Pintu Masuk,2025,12,2025-12-01
Juanda,Desember,25019.0,Pintu Masuk,2025,12,2025-12-01
Kualanamu,Desember,23425.0,Pintu Masuk,2025,12,2025-12-01
Husein Sastranegara,Desember,0.0,Pintu Masuk,2025,12,2025-12-01
Adi Sucipto,Desember,8017.0,Pintu Masuk,2025,12,2025-12-01
Bandara Int. Lombok,Desember,7714.0,Pintu Masuk,2025,12,2025-12-01
Sam Ratulangi,Desember,7020.0,Pintu Masuk,2025,12,2025-12-01
Minangkabau,Desember,7081.0,Pintu Masuk,2025,12,2025-12-01
Sultan Syarif Kasim II,Desember,3775.0,Pintu Masuk,2025,12,2025-12-01
Sultan Iskandar Muda,Desember,4217.0,Pintu Masuk,2025,12,2025-12-01
Ahmad Yani,Desember,1627.0,Pintu Masuk,2025,12,2025-12-01
Supadio,Desember,2371.0,Pintu Masuk,2025,12,2025-12-01
Hasanuddin,Desember,2321.0,Pintu Masuk,2025,12,2025-12-01
Sultan Badaruddin II,Desember,837.0,Pintu Masuk,2025,12,2025-12-01
Pintu Udara Lainnya,Desember,6069.0,Pintu Masuk Lainnya,2025,12,2025-12-01
B. Pintu Laut,Desember,353577.0,Sub-Total,2025,12,2025-12-01
Batam,Desember,193464.0,Pintu Masuk,2025,12,2025-12-01
Tanjung Uban,Desember,35187.0,Pintu Masuk,2025,12,2025-12-01
Tanjung Pinang,Desember,6076.0,Pintu Masuk,2025,12,2025-12-01
Tanjung Balai Karimun,Desember,10212.0,Pintu Masuk,2025,12,2025-12-01
Tanjung Benoa,Desember,6844.0,Pintu Masuk,2025,12,2025-12-01
Tanjung Mas,Desember,0.0,Pintu Masuk,2025,12,2025-12-01
Pintu Laut Lainnya,Desember,101794.0,Pintu Masuk Lainnya,2025,12,2025-12-01
C. Pintu Darat,Desember,163619.0,Sub-Total,2025,12,2025-12-01
Jayapura,Desember,17405.0,Pintu Masuk,2025,12,2025-12-01
Atambua,Desember,29738.0,Pintu Masuk,2025,12,2025-12-01
Entikong,Desember,5269.0,Pintu Masuk,2025,12,2025-12-01
Aruk,Desember,4038.0,Pintu Masuk,2025,12,2025-12-01
Nanga Badau,Desember,1782.0,Pintu Masuk,2025,12,2025-12-01
Pintu Darat Lainnya,Desember,105387.0,Pintu Masuk Lainnya,2025,12,2025-12-01
Jumlah (A+B+C),Desember,1405860.0,Grand Total,2025,12,2025-12-01
Lainnya,Desember,0.0,Pintu Masuk Lainnya,2025,12,2025-12-01
Total,Desember,1405860.0,Grand Total,2025,12,2025-12-01
A. Pintu Udara,Januari,800527.0,Sub-Total,2026,1,2026-01-01
Ngurah Rai,Januari,500121.0,Pintu Masuk,2026,1,2026-01-01
Soekarno-Hatta,Januari,212826.0,Pintu Masuk,2026,1,2026-01-01
Juanda,Januari,20548.0,Pintu Masuk,2026,1,2026-01-01
Kualanamu,Januari,22421.0,Pintu Masuk,2026,1,2026-01-01
Husein Sastranegara,Januari,0.0,Pintu Masuk,2026,1,2026-01-01
Adi Sucipto,Januari,6791.0,Pintu Masuk,2026,1,2026-01-01
Bandara Int. Lombok,Januari,6305.0,Pintu Masuk,2026,1,2026-01-01
Sam Ratulangi,Januari,7549.0,Pintu Masuk,2026,1,2026-01-01
Minangkabau,Januari,6106.0,Pintu Masuk,2026,1,2026-01-01
Sultan Syarif Kasim II,Januari,2744.0,Pintu Masuk,2026,1,2026-01-01
Sultan Iskandar Muda,Januari,3886.0,Pintu Masuk,2026,1,2026-01-01
Ahmad Yani,Januari,2000.0,Pintu Masuk,2026,1,2026-01-01
Supadio,Januari,2002.0,Pintu Masuk,2026,1,2026-01-01
Hasanuddin,Januari,1515.0,Pintu Masuk,2026,1,2026-01-01
Sultan Badaruddin II,Januari,766.0,Pintu Masuk,2026,1,2026-01-01
Pintu Udara Lainnya,Januari,4947.0,Pintu Masuk Lainnya,2026,1,2026-01-01
B. Pintu Laut,Januari,251963.0,Sub-Total,2026,1,2026-01-01
Batam,Januari,124205.0,Pintu Masuk,2026,1,2026-01-01
Tanjung Uban,Januari,18660.0,Pintu Masuk,2026,1,2026-01-01
Tanjung Pinang,Januari,4030.0,Pintu Masuk,2026,1,2026-01-01
Tanjung Balai Karimun,Januari,9023.0,Pintu Masuk,2026,1,2026-01-01
Tanjung Benoa,Januari,17.0,Pintu Masuk,2026,1,2026-01-01
Tanjung Mas,Januari,1056.0,Pintu Masuk,2026,1,2026-01-01
Pintu Laut Lainnya,Januari,94972.0,Pintu Masuk Lainnya,2026,1,2026-01-01
C. Pintu Darat,Januari,135930.0,Sub-Total,2026,1,2026-01-01
Jayapura,Januari,14993.0,Pintu Masuk,2026,1,2026-01-01
Atambua,Januari,18959.0,Pintu Masuk,2026,1,2026-01-01
Entikong,Januari,2740.0,Pintu Masuk,2026,1,2026-01-01
Aruk,Januari,2729.0,Pintu Masuk,2026,1,2026-01-01
Nanga Badau,Januari,937.0,Pintu Masuk,2026,1,2026-01-01
Pintu Darat Lainnya,Januari,95572.0,Pintu Masuk Lainnya,2026,1,2026-01-01
Jumlah (A+B+C),Januari,1188420.0,Grand Total,2026,1,2026-01-01
Lainnya,Januari,0.0,Pintu Masuk Lainnya,2026,1,2026-01-01
Total,Januari,1188420.0,Grand Total,2026,1,2026-01-01
A. Pintu Udara,Februari,782600.0,Sub-Total,2026,2,2026-02-01
Ngurah Rai,Februari,486053.0,Pintu Masuk,2026,2,2026-02-01
Soekarno-Hatta,Februari,205165.0,Pintu Masuk,2026,2,2026-02-01
Juanda,Februari,23775.0,Pintu Masuk,2026,2,2026-02-01
Kualanamu,Februari,24710.0,Pintu Masuk,2026,2,2026-02-01
Husein Sastranegara,Februari,0.0,Pintu Masuk,2026,2,2026-02-01
Adi Sucipto,Februari,7384.0,Pintu Masuk,2026,2,2026-02-01
Bandara Int. Lombok,Februari,5154.0,Pintu Masuk,2026,2,2026-02-01
Sam Ratulangi,Februari,9190.0,Pintu Masuk,2026,2,2026-02-01
Minangkabau,Februari,4571.0,Pintu Masuk,2026,2,2026-02-01
Sultan Syarif Kasim II,Februari,2834.0,Pintu Masuk,2026,2,2026-02-01
Sultan Iskandar Muda,Februari,2689.0,Pintu Masuk,2026,2,2026-02-01
Ahmad Yani,Februari,1821.0,Pintu Masuk,2026,2,2026-02-01
Supadio,Februari,2540.0,Pintu Masuk,2026,2,2026-02-01
Hasanuddin,Februari,1410.0,Pintu Masuk,2026,2,2026-02-01
Sultan Badaruddin II,Februari,653.0,Pintu Masuk,2026,2,2026-02-01
Pintu Udara Lainnya,Februari,4651.0,Pintu Masuk Lainnya,2026,2,2026-02-01
B. Pintu Laut,Februari,264281.0,Sub-Total,2026,2,2026-02-01
Batam,Februari,129627.0,Pintu Masuk,2026,2,2026-02-01
Tanjung Uban,Februari,22235.0,Pintu Masuk,2026,2,2026-02-01
Tanjung Pinang,Februari,5407.0,Pintu Masuk,2026,2,2026-02-01
Tanjung Balai Karimun,Februari,10197.0,Pintu Masuk,2026,2,2026-02-01
Tanjung Benoa,Februari,6236.0,Pintu Masuk,2026,2,2026-02-01
Tanjung Mas,Februari,8.0,Pintu Masuk,2026,2,2026-02-01
Pintu Laut Lainnya,Februari,90571.0,Pintu Masuk Lainnya,2026,2,2026-02-01
C. Pintu Darat,Februari,112809.0,Sub-Total,2026,2,2026-02-01
Jayapura,Februari,11971.0,Pintu Masuk,2026,2,2026-02-01
Atambua,Februari,15175.0,Pintu Masuk,2026,2,2026-02-01
Entikong,Februari,3045.0,Pintu Masuk,2026,2,2026-02-01
Aruk,Februari,3516.0,Pintu Masuk,2026,2,2026-02-01
Nanga Badau,Februari,945.0,Pintu Masuk,2026,2,2026-02-01
Pintu Darat Lainnya,Februari,78157.0,Pintu Masuk Lainnya,2026,2,2026-02-01
Jumlah (A+B+C),Februari,1159690.0,Grand Total,2026,2,2026-02-01
Lainnya,Februari,0.0,Pintu Masuk Lainnya,2026,2,2026-02-01
Total,Februari,1159690.0,Grand Total,2026,2,2026-02-01
A. Pintu Udara,Maret,716819.0,Sub-Total,2026,3,2026-03-01
Ngurah Rai,Maret,465260.0,Pintu Masuk,2026,3,2026-03-01
Soekarno-Hatta,Maret,157262.0,Pintu Masuk,2026,3,2026-03-01
Juanda,Maret,21068.0,Pintu Masuk,2026,3,2026-03-01
Kualanamu,Maret,24087.0,Pintu Masuk,2026,3,2026-03-01
Husein Sastranegara,Maret,0.0,Pintu Masuk,2026,3,2026-03-01
Adi Sucipto,Maret,6530.0,Pintu Masuk,2026,3,2026-03-01
Bandara Int. Lombok,Maret,6428.0,Pintu Masuk,2026,3,2026-03-01
Sam Ratulangi,Maret,9251.0,Pintu Masuk,2026,3,2026-03-01
Minangkabau,Maret,5968.0,Pintu Masuk,2026,3,2026-03-01
Sultan Syarif Kasim II,Maret,4052.0,Pintu Masuk,2026,3,2026-03-01
Sultan Iskandar Muda,Maret,2665.0,Pintu Masuk,2026,3,2026-03-01
Ahmad Yani,Maret,2129.0,Pintu Masuk,2026,3,2026-03-01
Supadio,Maret,2246.0,Pintu Masuk,2026,3,2026-03-01
Hasanuddin,Maret,2344.0,Pintu Masuk,2026,3,2026-03-01
Sultan Badaruddin II,Maret,1352.0,Pintu Masuk,2026,3,2026-03-01
Pintu Udara Lainnya,Maret,6177.0,Pintu Masuk Lainnya,2026,3,2026-03-01
B. Pintu Laut,Maret,253126.0,Sub-Total,2026,3,2026-03-01
Batam,Maret,112290.0,Pintu Masuk,2026,3,2026-03-01
Tanjung Uban,Maret,21678.0,Pintu Masuk,2026,3,2026-03-01
Tanjung Pinang,Maret,5622.0,Pintu Masuk,2026,3,2026-03-01
Tanjung Balai Karimun,Maret,9587.0,Pintu Masuk,2026,3,2026-03-01
Tanjung Benoa,Maret,6810.0,Pintu Masuk,2026,3,2026-03-01
Tanjung Mas,Maret,0.0,Pintu Masuk,2026,3,2026-03-01
Pintu Laut Lainnya,Maret,97139.0,Pintu Masuk Lainnya,2026,3,2026-03-01
C. Pintu Darat,Maret,118221.0,Sub-Total,2026,3,2026-03-01
Jayapura,Maret,10808.0,Pintu Masuk,2026,3,2026-03-01
Atambua,Maret,16967.0,Pintu Masuk,2026,3,2026-03-01
Entikong,Maret,3987.0,Pintu Masuk,2026,3,2026-03-01
Aruk,Maret,6297.0,Pintu Masuk,2026,3,2026-03-01
Nanga Badau,Maret,1051.0,Pintu Masuk,2026,3,2026-03-01
Pintu Darat Lainnya,Maret,79111.0,Pintu Masuk Lainnya,2026,3,2026-03-01
Jumlah (A+B+C),Maret,1088166.0,Grand Total,2026,3,2026-03-01
Lainnya,Maret,0.0,Pintu Masuk Lainnya,2026,3,2026-03-01
Total,Maret,1088166.0,Grand Total,2026,3,2026-03-01
A. Pintu Udara,April,889460.0,Sub-Total,2026,4,2026-04-01
Ngurah Rai,April,552961.0,Pintu Masuk,2026,4,2026-04-01
Soekarno-Hatta,April,227830.0,Pintu Masuk,2026,4,2026-04-01
Juanda,April,31339.0,Pintu Masuk,2026,4,2026-04-01
Kualanamu,April,24640.0,Pintu Masuk,2026,4,2026-04-01
Husein Sastranegara,April,0.0,Pintu Masuk,2026,4,2026-04-01
Adi Sucipto,April,8689.0,Pintu Masuk,2026,4,2026-04-01
Bandara Int. Lombok,April,8686.0,Pintu Masuk,2026,4,2026-04-01
Sam Ratulangi,April,9004.0,Pintu Masuk,2026,4,2026-04-01
Minangkabau,April,5730.0,Pintu Masuk,2026,4,2026-04-01
Sultan Syarif Kasim II,April,2868.0,Pintu Masuk,2026,4,2026-04-01
Sultan Iskandar Muda,April,2727.0,Pintu Masuk,2026,4,2026-04-01
Ahmad Yani,April,2616.0,Pintu Masuk,2026,4,2026-04-01
Supadio,April,1666.0,Pintu Masuk,2026,4,2026-04-01
Hasanuddin,April,1922.0,Pintu Masuk,2026,4,2026-04-01
Sultan Badaruddin II,April,935.0,Pintu Masuk,2026,4,2026-04-01
Pintu Udara Lainnya,April,7847.0,Pintu Masuk Lainnya,2026,4,2026-04-01
B. Pintu Laut,April,238724.0,Sub-Total,2026,4,2026-04-01
Batam,April,110535.0,Pintu Masuk,2026,4,2026-04-01
Tanjung Uban,April,21430.0,Pintu Masuk,2026,4,2026-04-01
Tanjung Pinang,April,5040.0,Pintu Masuk,2026,4,2026-04-01
Tanjung Balai Karimun,April,6771.0,Pintu Masuk,2026,4,2026-04-01
Tanjung Benoa,April,367.0,Pintu Masuk,2026,4,2026-04-01
Tanjung Mas,April,0.0,Pintu Masuk,2026,4,2026-04-01
Pintu Laut Lainnya,April,94581.0,Pintu Masuk Lainnya,2026,4,2026-04-01
C. Pintu Darat,April,120467.0,Sub-Total,2026,4,2026-04-01
Jayapura,April,10844.0,Pintu Masuk,2026,4,2026-04-01
Atambua,April,19909.0,Pintu Masuk,2026,4,2026-04-01
Entikong,April,2621.0,Pintu Masuk,2026,4,2026-04-01
Aruk,April,2458.0,Pintu Masuk,2026,4,2026-04-01
Nanga Badau,April,827.0,Pintu Masuk,2026,4,2026-04-01
Pintu Darat Lainnya,April,83808.0,Pintu Masuk Lainnya,2026,4,2026-04-01
Jumlah (A+B+C),April,1248651.0,Grand Total,2026,4,2026-04-01
Lainnya,April,0.0,Pintu Masuk Lainnya,2026,4,2026-04-01
Total,April,1248651.0,Grand Total,2026,4,2026-04-01
A. Pintu Udara,Mei,932847.0,Sub-Total,2026,5,2026-05-01
Ngurah Rai,Mei,578203.0,Pintu Masuk,2026,5,2026-05-01
Soekarno-Hatta,Mei,235207.0,Pintu Masuk,2026,5,2026-05-01
Juanda,Mei,31466.0,Pintu Masuk,2026,5,2026-05-01
Kualanamu,Mei,27844.0,Pintu Masuk,2026,5,2026-05-01
Husein Sastranegara,Mei,0.0,Pintu Masuk,2026,5,2026-05-01
Adi Sucipto,Mei,11692.0,Pintu Masuk,2026,5,2026-05-01
Bandara Int. Lombok,Mei,7987.0,Pintu Masuk,2026,5,2026-05-01
Sam Ratulangi,Mei,8952.0,Pintu Masuk,2026,5,2026-05-01
Minangkabau,Mei,7717.0,Pintu Masuk,2026,5,2026-05-01
Sultan Syarif Kasim II,Mei,4028.0,Pintu Masuk,2026,5,2026-05-01
Sultan Iskandar Muda,Mei,3135.0,Pintu Masuk,2026,5,2026-05-01
Ahmad Yani,Mei,2547.0,Pintu Masuk,2026,5,2026-05-01
Supadio,Mei,2021.0,Pintu Masuk,2026,5,2026-05-01
Hasanuddin,Mei,2063.0,Pintu Masuk,2026,5,2026-05-01
Sultan Badaruddin II,Mei,987.0,Pintu Masuk,2026,5,2026-05-01
Pintu Udara Lainnya,Mei,8998.0,Pintu Masuk Lainnya,2026,5,2026-05-01
B. Pintu Laut,Mei,310033.0,Sub-Total,2026,5,2026-05-01
Batam,Mei,165444.0,Pintu Masuk,2026,5,2026-05-01
Tanjung Uban,Mei,25087.0,Pintu Masuk,2026,5,2026-05-01
Tanjung Pinang,Mei,6506.0,Pintu Masuk,2026,5,2026-05-01
Tanjung Balai Karimun,Mei,9619.0,Pintu Masuk,2026,5,2026-05-01
Tanjung Benoa,Mei,48.0,Pintu Masuk,2026,5,2026-05-01
Tanjung Mas,Mei,0.0,Pintu Masuk,2026,5,2026-05-01
Pintu Laut Lainnya,Mei,103329.0,Pintu Masuk Lainnya,2026,5,2026-05-01
C. Pintu Darat,Mei,139207.0,Sub-Total,2026,5,2026-05-01
Jayapura,Mei,10767.0,Pintu Masuk,2026,5,2026-05-01
Atambua,Mei,21423.0,Pintu Masuk,2026,5,2026-05-01
Entikong,Mei,5782.0,Pintu Masuk,2026,5,2026-05-01
Aruk,Mei,4858.0,Pintu Masuk,2026,5,2026-05-01
Nanga Badau,Mei,1838.0,Pintu Masuk,2026,5,2026-05-01
Pintu Darat Lainnya,Mei,94539.0,Pintu Masuk Lainnya,2026,5,2026-05-01
Jumlah (A+B+C),Mei,1382087.0,Grand Total,2026,5,2026-05-01
Lainnya,Mei,0.0,Pintu Masuk Lainnya,2026,5,2026-05-01
Total,Mei,1382087.0,Grand Total,2026,5,2026-05-01
A. Pintu Udara,Juni,954625.0,Sub-Total,2026,6,2026-06-01
Ngurah Rai,Juni,604962.0,Pintu Masuk,2026,6,2026-06-01
Soekarno-Hatta,Juni,240681.0,Pintu Masuk,2026,6,2026-06-01
Juanda,Juni,33049.0,Pintu Masuk,2026,6,2026-06-01
Kualanamu,Juni,22882.0,Pintu Masuk,2026,6,2026-06-01
Husein Sastranegara,Juni,0.0,Pintu Masuk,2026,6,2026-06-01
Adi Sucipto,Juni,10887.0,Pintu Masuk,2026,6,2026-06-01
Bandara Int. Lombok,Juni,6980.0,Pintu Masuk,2026,6,2026-06-01
Sam Ratulangi,Juni,8023.0,Pintu Masuk,2026,6,2026-06-01
Minangkabau,Juni,7078.0,Pintu Masuk,2026,6,2026-06-01
Sultan Syarif Kasim II,Juni,2803.0,Pintu Masuk,2026,6,2026-06-01
Sultan Iskandar Muda,Juni,2544.0,Pintu Masuk,2026,6,2026-06-01
Ahmad Yani,Juni,2325.0,Pintu Masuk,2026,6,2026-06-01
Supadio,Juni,1737.0,Pintu Masuk,2026,6,2026-06-01
Hasanuddin,Juni,1363.0,Pintu Masuk,2026,6,2026-06-01
Sultan Badaruddin II,Juni,849.0,Pintu Masuk,2026,6,2026-06-01
Pintu Udara Lainnya,Juni,8462.0,Pintu Masuk Lainnya,2026,6,2026-06-01
B. Pintu Laut,Juni,293872.0,Sub-Total,2026,6,2026-06-01
Batam,Juni,156984.0,Pintu Masuk,2026,6,2026-06-01
Tanjung Uban,Juni,28365.0,Pintu Masuk,2026,6,2026-06-01
Tanjung Pinang,Juni,5093.0,Pintu Masuk,2026,6,2026-06-01
Tanjung Balai Karimun,Juni,9304.0,Pintu Masuk,2026,6,2026-06-01
Tanjung Benoa,Juni,51.0,Pintu Masuk,2026,6,2026-06-01
Tanjung Mas,Juni,0.0,Pintu Masuk,2026,6,2026-06-01
Pintu Laut Lainnya,Juni,94075.0,Pintu Masuk Lainnya,2026,6,2026-06-01
C. Pintu Darat,Juni,138078.0,Sub-Total,2026,6,2026-06-01
Jayapura,Juni,13608.0,Pintu Masuk,2026,6,2026-06-01
Atambua,Juni,26135.0,Pintu Masuk,2026,6,2026-06-01
Entikong,Juni,3732.0,Pintu Masuk,2026,6,2026-06-01
Aruk,Juni,3653.0,Pintu Masuk,2026,6,2026-06-01
Nanga Badau,Juni,1164.0,Pintu Masuk,2026,6,2026-06-01
Pintu Darat Lainnya,Juni,89786.0,Pintu Masuk Lainnya,2026,6,2026-06-01
Jumlah (A+B+C),Juni,1386575.0,Grand Total,2026,6,2026-06-01
Lainnya,Juni,0.0,Pintu Masuk Lainnya,2026,6,2026-06-01
Total,Juni,1386575.0,Grand Total,2026,6,2026-06-01
A. Pintu Udara,Juli,1131626.0,Sub-Total,2026,7,2026-07-01
Ngurah Rai,Juli,697800.0,Pintu Masuk,2026,7,2026-07-01
Soekarno-Hatta,Juli,307051.0,Pintu Masuk,2026,7,2026-07-01
Juanda,Juli,34464.0,Pintu Masuk,2026,7,2026-07-01
Kualanamu,Juli,28104.0,Pintu Masuk,2026,7,2026-07-01
Husein Sastranegara,Juli,0.0,Pintu Masuk,2026,7,2026-07-01
Adi Sucipto,Juli,12380.0,Pintu Masuk,2026,7,2026-07-01
Bandara Int. Lombok,Juli,9039.0,Pintu Masuk,2026,7,2026-07-01
Sam Ratulangi,Juli,10242.0,Pintu Masuk,2026,7,2026-07-01
Minangkabau,Juli,6377.0,Pintu Masuk,2026,7,2026-07-01
Sultan Syarif Kasim II,Juli,2626.0,Pintu Masuk,2026,7,2026-07-01
Sultan Iskandar Muda,Juli,2834.0,Pintu Masuk,2026,7,2026-07-01
Ahmad Yani,Juli,2820.0,Pintu Masuk,2026,7,2026-07-01
Supadio,Juli,2746.0,Pintu Masuk,2026,7,2026-07-01
Hasanuddin,Juli,2415.0,Pintu Masuk,2026,7,2026-07-01
Sultan Badaruddin II,Juli,942.0,Pintu Masuk,2026,7,2026-07-01
Pintu Udara Lainnya,Juli,11786.0,Pintu Masuk Lainnya,2026,7,2026-07-01
B. Pintu Laut,Juli,253712.0,Sub-Total,2026,7,2026-07-01
Batam,Juli,138360.0,Pintu Masuk,2026,7,2026-07-01
Tanjung Uban,Juli,26098.0,Pintu Masuk,2026,7,2026-07-01
Tanjung Pinang,Juli,3591.0,Pintu Masuk,2026,7,2026-07-01
Tanjung Balai Karimun,Juli,7380.0,Pintu Masuk,2026,7,2026-07-01
Tanjung Benoa,Juli,9.0,Pintu Masuk,2026,7,2026-07-01
Tanjung Mas,Juli,0.0,Pintu Masuk,2026,7,2026-07-01
Pintu Laut Lainnya,Juli,78274.0,Pintu Masuk Lainnya,2026,7,2026-07-01
C. Pintu Darat,Juli,139699.0,Sub-Total,2026,7,2026-07-01
Jayapura,Juli,16024.0,Pintu Masuk,2026,7,2026-07-01
Atambua,Juli,24168.0,Pintu Masuk,2026,7,2026-07-01
Entikong,Juli,3801.0,Pintu Masuk,2026,7,2026-07-01
Aruk,Juli,3113.0,Pintu Masuk,2026,7,2026-07-01
Nanga Badau,Juli,884.0,Pintu Masuk,2026,7,2026-07-01
Pintu Darat Lainnya,Juli,91709.0,Pintu Masuk Lainnya,2026,7,2026-07-01
Jumlah (A+B+C),Juli,1525037.0,Grand Total,2026,7,2026-07-01
Lainnya,Juli,0.0,Pintu Masuk Lainnya,2026,7,2026-07-01
Total,Juli,1525037.0,Grand Total,2026,7,2026-07-01
A. Pintu Udara,Agustus,,Sub-Total,2026,8,2026-08-01
Ngurah Rai,Agustus,,Pintu Masuk,2026,8,2026-08-01
Soekarno-Hatta,Agustus,,Pintu Masuk,2026,8,2026-08-01
Juanda,Agustus,,Pintu Masuk,2026,8,2026-08-01
Kualanamu,Agustus,,Pintu Masuk,2026,8,2026-08-01
Husein Sastranegara,Agustus,,Pintu Masuk,2026,8,2026-08-01
Adi Sucipto,Agustus,,Pintu Masuk,2026,8,2026-08-01
Bandara Int. Lombok,Agustus,,Pintu Masuk,2026,8,2026-08-01
Sam Ratulangi,Agustus,,Pintu Masuk,2026,8,2026-08-01
Minangkabau,Agustus,,Pintu Masuk,2026,8,2026-08-01
Sultan Syarif Kasim II,Agustus,,Pintu Masuk,2026,8,2026-08-01
Sultan Iskandar Muda,Agustus,,Pintu Masuk,2026,8,2026-08-01
Ahmad Yani,Agustus,,Pintu Masuk,2026,8,2026-08-01
Supadio,Agustus,,Pintu Masuk,2026,8,2026-08-01
Hasanuddin,Agustus,,Pintu Masuk,2026,8,2026-08-01
Sultan Badaruddin II,Agustus,,Pintu Masuk,2026,8,2026-08-01
Pintu Udara Lainnya,Agustus,,Pintu Masuk Lainnya,2026,8,2026-08-01
B. Pintu Laut,Agustus,,Sub-Total,2026,8,2026-08-01
Batam,Agustus,,Pintu Masuk,2026,8,2026-08-01
Tanjung Uban,Agustus,,Pintu Masuk,2026,8,2026-08-01
Tanjung Pinang,Agustus,,Pintu Masuk,2026,8,2026-08-01
Tanjung Balai Karimun,Agustus,,Pintu Masuk,2026,8,2026-08-01
Tanjung Benoa,Agustus,,Pintu Masuk,2026,8,2026-08-01
Tanjung Mas,Agustus,,Pintu Masuk,2026,8,2026-08-01
Pintu Laut Lainnya,Agustus,,Pintu Masuk Lainnya,2026,8,2026-08-01
C. Pintu Darat,Agustus,,Sub-Total,2026,8,2026-08-01
Jayapura,Agustus,,Pintu Masuk,2026,8,2026-08-01
Atambua,Agustus,,Pintu Masuk,2026,8,2026-08-01
Entikong,Agustus,,Pintu Masuk,2026,8,2026-08-01
Aruk,Agustus,,Pintu Masuk,2026,8,2026-08-01
Nanga Badau,Agustus,,Pintu Masuk,2026,8,2026-08-01
Pintu Darat Lainnya,Agustus,,Pintu Masuk Lainnya,2026,8,2026-08-01
Jumlah (A+B+C),Agustus,,Grand Total,2026,8,2026-08-01
Lainnya,Agustus,,Pintu Masuk Lainnya,2026,8,2026-08-01
Total,Agustus,,Grand Total,2026,8,2026-08-01
A. Pintu Udara,September,,Sub-Total,2026,9,2026-09-01
Ngurah Rai,September,,Pintu Masuk,2026,9,2026-09-01
Soekarno-Hatta,September,,Pintu Masuk,2026,9,2026-09-01
Juanda,September,,Pintu Masuk,2026,9,2026-09-01
Kualanamu,September,,Pintu Masuk,2026,9,2026-09-01
Husein Sastranegara,September,,Pintu Masuk,2026,9,2026-09-01
Adi Sucipto,September,,Pintu Masuk,2026,9,2026-09-01
Bandara Int. Lombok,September,,Pintu Masuk,2026,9,2026-09-01
Sam Ratulangi,September,,Pintu Masuk,2026,9,2026-09-01
Minangkabau,September,,Pintu Masuk,2026,9,2026-09-01
Sultan Syarif Kasim II,September,,Pintu Masuk,2026,9,2026-09-01
Sultan Iskandar Muda,September,,Pintu Masuk,2026,9,2026-09-01
Ahmad Yani,September,,Pintu Masuk,2026,9,2026-09-01
Supadio,September,,Pintu Masuk,2026,9,2026-09-01
Hasanuddin,September,,Pintu Masuk,2026,9,2026-09-01
Sultan Badaruddin II,September,,Pintu Masuk,2026,9,2026-09-01
Pintu Udara Lainnya,September,,Pintu Masuk Lainnya,2026,9,2026-09-01
B. Pintu Laut,September,,Sub-Total,2026,9,2026-09-01
Batam,September,,Pintu Masuk,2026,9,2026-09-01
Tanjung Uban,September,,Pintu Masuk,2026,9,2026-09-01
Tanjung Pinang,September,,Pintu Masuk,2026,9,2026-09-01
Tanjung Balai Karimun,September,,Pintu Masuk,2026,9,2026-09-01
Tanjung Benoa,September,,Pintu Masuk,2026,9,2026-09-01
Tanjung Mas,September,,Pintu Masuk,2026,9,2026-09-01
Pintu Laut Lainnya,September,,Pintu Masuk Lainnya,2026,9,2026-09-01
C. Pintu Darat,September,,Sub-Total,2026,9,2026-09-01
Jayapura,September,,Pintu Masuk,2026,9,2026-09-01
Atambua,September,,Pintu Masuk,2026,9,2026-09-01
Entikong,September,,Pintu Masuk,2026,9,2026-09-01
Aruk,September,,Pintu Masuk,2026,9,2026-09-01
Nanga Badau,September,,Pintu Masuk,2026,9,2026-09-01
Pintu Darat Lainnya,September,,Pintu Masuk Lainnya,2026,9,2026-09-01
Jumlah (A+B+C),September,,Grand Total,2026,9,2026-09-01
Lainnya,September,,Pintu Masuk Lainnya,2026,9,2026-09-01
Total,September,,Grand Total,2026,9,2026-09-01
A. Pintu Udara,Oktober,,Sub-Total,2026,10,2026-10-01
Ngurah Rai,Oktober,,Pintu Masuk,2026,10,2026-10-01
Soekarno-Hatta,Oktober,,Pintu Masuk,2026,10,2026-10-01
Juanda,Oktober,,Pintu Masuk,2026,10,2026-10-01
Kualanamu,Oktober,,Pintu Masuk,2026,10,2026-10-01
Husein Sastranegara,Oktober,,Pintu Masuk,2026,10,2026-10-01
Adi Sucipto,Oktober,,Pintu Masuk,2026,10,2026-10-01
Bandara Int. Lombok,Oktober,,Pintu Masuk,2026,10,2026-10-01
Sam Ratulangi,Oktober,,Pintu Masuk,2026,10,2026-10-01
Minangkabau,Oktober,,Pintu Masuk,2026,10,2026-10-01
Sultan Syarif Kasim II,Oktober,,Pintu Masuk,2026,10,2026-10-01
Sultan Iskandar Muda,Oktober,,Pintu Masuk,2026,10,2026-10-01
Ahmad Yani,Oktober,,Pintu Masuk,2026,10,2026-10-01
Supadio,Oktober,,Pintu Masuk,2026,10,2026-10-01
Hasanuddin,Oktober,,Pintu Masuk,2026,10,2026-10-01
Sultan Badaruddin II,Oktober,,Pintu Masuk,2026,10,2026-10-01
Pintu Udara Lainnya,Oktober,,Pintu Masuk Lainnya,2026,10,2026-10-01
B. Pintu Laut,Oktober,,Sub-Total,2026,10,2026-10-01
Batam,Oktober,,Pintu Masuk,2026,10,2026-10-01
Tanjung Uban,Oktober,,Pintu Masuk,2026,10,2026-10-01
Tanjung Pinang,Oktober,,Pintu Masuk,2026,10,2026-10-01
Tanjung Balai Karimun,Oktober,,Pintu Masuk,2026,10,2026-10-01
Tanjung Benoa,Oktober,,Pintu Masuk,2026,10,2026-10-01
Tanjung Mas,Oktober,,Pintu Masuk,2026,10,2026-10-01
Pintu Laut Lainnya,Oktober,,Pintu Masuk Lainnya,2026,10,2026-10-01
C. Pintu Darat,Oktober,,Sub-Total,2026,10,2026-10-01
Jayapura,Oktober,,Pintu Masuk,2026,10,2026-10-01
Atambua,Oktober,,Pintu Masuk,2026,10,2026-10-01
Entikong,Oktober,,Pintu Masuk,2026,10,2026-10-01
Aruk,Oktober,,Pintu Masuk,2026,10,2026-10-01
Nanga Badau,Oktober,,Pintu Masuk,2026,10,2026-10-01
Pintu Darat Lainnya,Oktober,,Pintu Masuk Lainnya,2026,10,2026-10-01
Jumlah (A+B+C),Oktober,,Grand Total,2026,10,2026-10-01
Lainnya,Oktober,,Pintu Masuk Lainnya,2026,10,2026-10-01
Total,Oktober,,Grand Total,2026,10,2026-10-01
A. Pintu Udara,November,,Sub-Total,2026,11,2026-11-01
Ngurah Rai,November,,Pintu Masuk,2026,11,2026-11-01
Soekarno-Hatta,November,,Pintu Masuk,2026,11,2026-11-01
Juanda,November,,Pintu Masuk,2026,11,2026-11-01
Kualanamu,November,,Pintu Masuk,2026,11,2026-11-01
Husein Sastranegara,November,,Pintu Masuk,2026,11,2026-11-01
Adi Sucipto,November,,Pintu Masuk,2026,11,2026-11-01
Bandara Int. Lombok,November,,Pintu Masuk,2026,11,2026-11-01
Sam Ratulangi,November,,Pintu Masuk,2026,11,2026-11-01
Minangkabau,November,,Pintu Masuk,2026,11,2026-11-01
Sultan Syarif Kasim II,November,,Pintu Masuk,2026,11,2026-11-01
Sultan Iskandar Muda,November,,Pintu Masuk,2026,11,2026-11-01
Ahmad Yani,November,,Pintu Masuk,2026,11,2026-11-01
Supadio,November,,Pintu Masuk,2026,11,2026-11-01
Hasanuddin,November,,Pintu Masuk,2026,11,2026-11-01
Sultan Badaruddin II,November,,Pintu Masuk,2026,11,2026-11-01
Pintu Udara Lainnya,November,,Pintu Masuk Lainnya,2026,11,2026-11-01
B. Pintu Laut,November,,Sub-Total,2026,11,2026-11-01
Batam,November,,Pintu Masuk,2026,11,2026-11-01
Tanjung Uban,November,,Pintu Masuk,2026,11,2026-11-01
Tanjung Pinang,November,,Pintu Masuk,2026,11,2026-11-01
Tanjung Balai Karimun,November,,Pintu Masuk,2026,11,2026-11-01
Tanjung Benoa,November,,Pintu Masuk,2026,11,2026-11-01
Tanjung Mas,November,,Pintu Masuk,2026,11,2026-11-01
Pintu Laut Lainnya,November,,Pintu Masuk Lainnya,2026,11,2026-11-01
C. Pintu Darat,November,,Sub-Total,2026,11,2026-11-01
Jayapura,November,,Pintu Masuk,2026,11,2026-11-01
Atambua,November,,Pintu Masuk,2026,11,2026-11-01
Entikong,November,,Pintu Masuk,2026,11,2026-11-01
Aruk,November,,Pintu Masuk,2026,11,2026-11-01
Nanga Badau,November,,Pintu Masuk,2026,11,2026-11-01
Pintu Darat Lainnya,November,,Pintu Masuk Lainnya,2026,11,2026-11-01
Jumlah (A+B+C),November,,Grand Total,2026,11,2026-11-01
Lainnya,November,,Pintu Masuk Lainnya,2026,11,2026-11-01
Total,November,,Grand Total,2026,11,2026-11-01
A. Pintu Udara,Desember,,Sub-Total,2026,12,2026-12-01
Ngurah Rai,Desember,,Pintu Masuk,2026,12,2026-12-01
Soekarno-Hatta,Desember,,Pintu Masuk,2026,12,2026-12-01
Juanda,Desember,,Pintu Masuk,2026,12,2026-12-01
Kualanamu,Desember,,Pintu Masuk,2026,12,2026-12-01
Husein Sastranegara,Desember,,Pintu Masuk,2026,12,2026-12-01
Adi Sucipto,Desember,,Pintu Masuk,2026,12,2026-12-01
Bandara Int. Lombok,Desember,,Pintu Masuk,2026,12,2026-12-01
Sam Ratulangi,Desember,,Pintu Masuk,2026,12,2026-12-01
Minangkabau,Desember,,Pintu Masuk,2026,12,2026-12-01
Sultan Syarif Kasim II,Desember,,Pintu Masuk,2026,12,2026-12-01
Sultan Iskandar Muda,Desember,,Pintu Masuk,2026,12,2026-12-01
Ahmad Yani,Desember,,Pintu Masuk,2026,12,2026-12-01
Supadio,Desember,,Pintu Masuk,2026,12,2026-12-01
Hasanuddin,Desember,,Pintu Masuk,2026,12,2026-12-01
Sultan Badaruddin II,Desember,,Pintu Masuk,2026,12,2026-12-01
Pintu Udara Lainnya,Desember,,Pintu Masuk Lainnya,2026,12,2026-12-01
B. Pintu Laut,Desember,,Sub-Total,2026,12,2026-12-01
Batam,Desember,,Pintu Masuk,2026,12,2026-12-01
Tanjung Uban,Desember,,Pintu Masuk,2026,12,2026-12-01
Tanjung Pinang,Desember,,Pintu Masuk,2026,12,2026-12-01
Tanjung Balai Karimun,Desember,,Pintu Masuk,2026,12,2026-12-01
Tanjung Benoa,Desember,,Pintu Masuk,2026,12,2026-12-01
Tanjung Mas,Desember,,Pintu Masuk,2026,12,2026-12-01
Pintu Laut Lainnya,Desember,,Pintu Masuk Lainnya,2026,12,2026-12-01
C. Pintu Darat,Desember,,Sub-Total,2026,12,2026-12-01
Jayapura,Desember,,Pintu Masuk,2026,12,2026-12-01
Atambua,Desember,,Pintu Masuk,2026,12,2026-12-01
Entikong,Desember,,Pintu Masuk,2026,12,2026-12-01
Aruk,Desember,,Pintu Masuk,2026,12,2026-12-01
Nanga Badau,Desember,,Pintu Masuk,2026,12,2026-12-01
Pintu Darat Lainnya,Desember,,Pintu Masuk Lainnya,2026,12,2026-12-01
Jumlah (A+B+C),Desember,,Grand Total,2026,12,2026-12-01
Lainnya,Desember,,Pintu Masuk Lainnya,2026,12,2026-12-01
Total,Desember,,Grand Total,2026,12,2026-12-01
